"","term","estimate","std.error","statistic","p.value","variable","BH"
"1","SEXM",-0.541303223906993,0.175904987496706,-3.07724773248472,0.00323093181155387,"1-methylnicotinamide",0.0240560467553318
"2","DietCoconutOil",0.865466124890699,0.40182852144753,2.15381954912753,0.0355733484142907,"1-methylnicotinamide",0.119960349809626
"3","DietFishOil",1.85007171461163,0.412355138076818,4.48659794380198,3.64499941256144e-05,"1-methylnicotinamide",0.000724911470243242
"4","DietKetogenic",1.3691015422292,0.392849610105939,3.48505256721522,0.000963510002195613,"1-methylnicotinamide",0.0097058229306083
"5","DietLard",0.985824371395866,0.392849610105938,2.50941924348613,0.0150121160085152,"1-methylnicotinamide",0.0688360441366061
"6","DietMilkFat",0.811422848451423,0.392849610105939,2.0654795819515,0.0435173702112356,"1-methylnicotinamide",0.137519092492337
"7","DietOliveOil",0.7993889277292,0.392849610105938,2.03484719639567,0.0466107934705232,"1-methylnicotinamide",0.144244101604253
"8","DietPalmOil",0.968871770840312,0.392849610105939,2.46626634191908,0.0167403865518819,"1-methylnicotinamide",0.0727674606185849
"9","SEXM",0.251241821383271,0.0875311023272253,2.87031483328099,0.00577659605812421,"2-aminoadipic-acid",0.0368135613195712
"10","DietCoconutOil",-0.324078169525827,0.199951655318926,-1.62078262872552,0.110682229559953,"2-aminoadipic-acid",0.253759258015502
"11","DietFishOil",-0.30414938038238,0.205189746463754,-1.48228352353906,0.143870733807552,"2-aminoadipic-acid",0.293996716911085
"12","DietKetogenic",-0.375093057983701,0.195483709192938,-1.91879445879295,0.0601126986095211,"2-aminoadipic-acid",0.175212206799845
"13","DietLard",-0.0417625392614791,0.195483709192938,-0.21363692879523,0.831606117657431,"2-aminoadipic-acid",0.897227834258806
"14","DietMilkFat",-0.303673233594812,0.195483709192938,-1.55344521980138,0.125950599232147,"2-aminoadipic-acid",0.271389256798207
"15","DietOliveOil",-0.235657723650368,0.195483709192938,-1.20551080508596,0.233075376576001,"2-aminoadipic-acid",0.402925708471615
"16","DietPalmOil",-0.285474274039257,0.195483709192938,-1.46034815493244,0.14978233006312,"2-aminoadipic-acid",0.29956466012624
"17","SEXM",0.134844208645404,0.0731953395013102,1.84225129037062,0.0707351415508535,"2-deoxycytidine",0.193428459804516
"18","DietCoconutOil",-0.0951691210895401,0.1672037585018,-0.569180513298781,0.571509634367014,"2-deoxycytidine",0.716690163325418
"19","DietFishOil",-0.0191358806327255,0.171583959932958,-0.11152488053197,0.91159891483589,"2-deoxycytidine",0.947286203618619
"20","DietKetogenic",0.0789343766824269,0.163467568451974,0.482874844410604,0.631067023525154,"2-deoxycytidine",0.764190662948334
"21","DietLard",-0.413487431428684,0.163467568451974,-2.52947685797482,0.0142651403506172,"2-deoxycytidine",0.0658121812494733
"22","DietMilkFat",0.15609814551576,0.163467568451974,0.954918134489904,0.343723204512238,"2-deoxycytidine",0.509822188941229
"23","DietOliveOil",0.135460453237982,0.163467568451974,0.828668674286788,0.410809976022243,"2-deoxycytidine",0.569104621481797
"24","DietPalmOil",0.149075266849093,0.163467568451974,0.911956226307304,0.365701016008234,"2-deoxycytidine",0.529878928782644
"25","SEXM",-0.400937818775159,0.0840259794112091,-4.77159351886916,1.34909024253161e-05,"2-deoxyuridine",0.000307429049207204
"26","DietCoconutOil",-0.147501800272484,0.191944728517825,-0.768459761367116,0.445442794733207,"2-deoxyuridine",0.602469391437718
"27","DietFishOil",-0.395667051577853,0.196973063897905,-2.00873684831818,0.0493958290200213,"2-deoxyuridine",0.14978090089942
"28","DietKetogenic",0.0286447982122293,0.187655698227893,0.152645501749926,0.879226511264609,"2-deoxyuridine",0.928621259088463
"29","DietLard",-0.197505994232215,0.187655698227892,-1.05249132372394,0.29709456861149,"2-deoxyuridine",0.463516837335768
"30","DietMilkFat",0.212425335990007,0.187655698227892,1.13199512722515,0.262460516410849,"2-deoxyuridine",0.439912176097526
"31","DietOliveOil",0.0130554122122292,0.187655698227892,0.0695710939530037,0.944782885013323,"2-deoxyuridine",0.965146172158556
"32","DietPalmOil",0.0455930860455626,0.187655698227892,0.24296137274869,0.808923059284608,"2-deoxyuridine",0.879564391926312
"33","SEXM",0.687345442206816,0.113255510579099,6.0689801201926,1.17370879150285e-07,"2-hydroxybutyrate",4.4131450560507e-06
"34","DietCoconutOil",0.543515843904316,0.25871520193614,2.10082685453665,0.0401705604192671,"2-hydroxybutyrate",0.13077169452506
"35","DietFishOil",-0.450966121777338,0.265492709259761,-1.69860077527066,0.0949445681082089,"2-hydroxybutyrate",0.233327827507755
"36","DietKetogenic",1.19244187395748,0.252934176605886,4.71443554982884,1.64965332243568e-05,"2-hydroxybutyrate",0.00036486449955048
"37","DietLard",0.221741008735253,0.252934176605886,0.876674760646375,0.384408650790483,"2-hydroxybutyrate",0.544397938595939
"38","DietMilkFat",0.663123563346365,0.252934176605886,2.62172385023168,0.0112450910588238,"2-hydroxybutyrate",0.0566412750169855
"39","DietOliveOil",0.700981014790809,0.252934176605886,2.77139698635133,0.00756217852876654,"2-hydroxybutyrate",0.043537912284188
"40","DietPalmOil",0.462157107124142,0.252934176605886,1.827183314354,0.0730026986515179,"2-hydroxybutyrate",0.19747492584871
"41","SEXM",0.0593890391686315,0.097724265826778,0.607720494660989,0.545829575831417,"2-hydroxyglutarate",0.697677586488901
"42","DietCoconutOil",0.228270618920636,0.223236406230124,1.02255103804763,0.31091732554136,"2-hydroxyglutarate",0.474259287641181
"43","DietFishOil",0.17460536156661,0.229084483060557,0.762187640270925,0.44914643738391,"2-hydroxyglutarate",0.6042184631712
"44","DietKetogenic",0.109246930992505,0.218248159272105,0.500562897560567,0.618640458377864,"2-hydroxyglutarate",0.753999391734447
"45","DietLard",0.150613919770283,0.218248159272105,0.690103963637567,0.492979034426345,"2-hydroxyglutarate",0.64616222287109
"46","DietMilkFat",0.352031858159172,0.218248159272105,1.61298889911951,0.112368786292931,"2-hydroxyglutarate",0.256064628158437
"47","DietOliveOil",0.343763837159172,0.218248159272105,1.57510532187617,0.120865277018546,"2-hydroxyglutarate",0.268024567360316
"48","DietPalmOil",0.251267431214727,0.218248159272105,1.15129232728811,0.25450393914047,"2-hydroxyglutarate",0.432024745448382
"49","SEXM",0.0235704496852218,0.157054502910676,0.150078152796596,0.881242199680906,"2-oxoadipic-acid",0.929444788443256
"50","DietCoconutOil",-0.558233875643522,0.358767420920657,-1.55597705669874,0.125347483675585,"2-oxoadipic-acid",0.270865826793218
"51","DietFishOil",-0.497333866291007,0.368165975024047,-1.35084146833102,0.182179405601988,"2-oxoadipic-acid",0.339947674969466
"52","DietKetogenic",-0.644232511230455,0.350750715553169,-1.8367247240378,0.0715598428370224,"2-oxoadipic-acid",0.194974644251597
"53","DietLard",-0.200214171619343,0.350750715553169,-0.570816145887501,0.570407881918636,"2-oxoadipic-acid",0.716690163325418
"54","DietMilkFat",-0.617965160397121,0.350750715553169,-1.76183577964347,0.0835550379548874,"2-oxoadipic-acid",0.213719008646515
"55","DietOliveOil",-0.21417548178601,0.350750715553169,-0.610620227668627,0.543921436714269,"2-oxoadipic-acid",0.696812470884378
"56","DietPalmOil",-0.58870320578601,0.350750715553169,-1.678409136978,0.0988399497988035,"2-oxoadipic-acid",0.238995634240194
"57","SEXM",0.00908210120463616,0.181219499850638,0.0501165780289742,0.960207818742244,"3-hydroxybutyrate",0.972344920026758
"58","DietCoconutOil",1.63315769082953,0.413968726633212,3.94512335294487,0.000224516957842332,"3-hydroxybutyrate",0.00306975913268061
"59","DietFishOil",1.19242997280844,0.424813377645251,2.80695014695183,0.00686882385770566,"3-hydroxybutyrate",0.0410602765052572
"60","DietKetogenic",3.54919070170202,0.404718540804587,8.76952831132017,4.26133995167621e-12,"3-hydroxybutyrate",4.84052049571995e-10
"61","DietLard",0.69098753064646,0.404718540804587,1.7073285777142,0.0933003363618914,"3-hydroxybutyrate",0.230795568895205
"62","DietMilkFat",1.59791521097979,0.404718540804587,3.94821351105663,0.000222265635381208,"3-hydroxybutyrate",0.00306975913268061
"63","DietOliveOil",1.07338341159091,0.404718540804587,2.65217256777266,0.010384202089064,"3-hydroxybutyrate",0.0534857532258637
"64","DietPalmOil",0.976009827979795,0.404718540804587,2.41157676156736,0.019187486037694,"3-hydroxybutyrate",0.0775752123674508
"65","SEXM",-0.156328494136886,0.138811637019158,-1.12619156069249,0.264887584829935,"3-ureidopropionate",0.44167508601355
"66","DietCoconutOil",0.651038714938687,0.317094334031683,2.0531389087313,0.0447415091281907,"3-ureidopropionate",0.139608360433192
"67","DietFishOil",0.369704982661053,0.325401187108329,1.13615130278543,0.260732111383084,"3-ureidopropionate",0.4386365721702
"68","DietKetogenic",0.112179794028305,0.310008819290382,0.361860008644553,0.718818536054602,"3-ureidopropionate",0.822757289365389
"69","DietLard",0.835519803306082,0.310008819290382,2.69514849680279,0.00927140037696469,"3-ureidopropionate",0.049447468677145
"70","DietMilkFat",1.27876687013942,0.310008819290382,4.12493706813421,0.000124155868963495,"3-ureidopropionate",0.00186730426921096
"71","DietOliveOil",1.19630865719497,0.310008819290382,3.8589503999704,0.000296927008441695,"3-ureidopropionate",0.00378456119234161
"72","DietPalmOil",1.22996750291719,0.310008819290382,3.96752423280286,0.000208681959956441,"3-ureidopropionate",0.0030178621901393
"73","SEXM",0.0591341187148872,0.115020445901686,0.514118322627895,0.609192199356004,"BH2",0.747328766583549
"74","DietCoconutOil",0.0119563672410107,0.262746931571655,0.0455052592602781,0.963866468842604,"BH2",0.972344920026758
"75","DietFishOil",0.238098795836718,0.269630057262218,0.883057320294094,0.380980511291082,"BH2",0.542608606990329
"76","DietKetogenic",0.0409936079126717,0.256875816710623,0.159585314170901,0.8737819540375,"BH2",0.924168817772433
"77","DietLard",0.0241839189682272,0.256875816710623,0.094146343855603,0.925328957968255,"BH2",0.954523150057789
"78","DietMilkFat",0.13634849380156,0.256875816710623,0.530795368546352,0.597659467570652,"BH2",0.739210394100544
"79","DietOliveOil",0.528392463246005,0.256875816710623,2.05699574997849,0.044355762030488,"BH2",0.138981387695529
"80","DietPalmOil",0.341397986468227,0.256875816710623,1.32903903076567,0.189224801355999,"BH2",0.347914549192449
"81","SEXM",0.057371682148772,0.086213591136498,0.665459835189304,0.508488149207151,"D-Glucuronic-Acid",0.659648469492908
"82","DietCoconutOil",0.458006622810123,0.196941998905571,2.325591419582,0.0236876434231243,"D-Glucuronic-Acid",0.0890655392709473
"83","DietFishOil",1.32951889755289,0.202101246719082,6.57847944600216,1.71618832794704e-08,"D-Glucuronic-Acid",8.06608514135107e-07
"84","DietKetogenic",0.528453942193388,0.192541303949328,2.74462638069837,0.00812616797501137,"D-Glucuronic-Acid",0.0452657653126559
"85","DietLard",0.115060023637832,0.192541303949328,0.597586186848061,0.552525017225667,"D-Glucuronic-Acid",0.703043676740611
"86","DietMilkFat",0.751149000026722,0.192541303949328,3.90123565499694,0.000258962397998599,"D-Glucuronic-Acid",0.00347749505883833
"87","DietOliveOil",0.512048888360054,0.192541303949328,2.6594236034405,0.0101882728515377,"D-Glucuronic-Acid",0.0528384909265954
"88","DietPalmOil",0.540340805360055,0.192541303949328,2.80636307263328,0.0068797803718915,"D-Glucuronic-Acid",0.0410602765052572
"89","SEXM",0.448120667759559,0.0869798596786606,5.15200495166469,3.46625268066012e-06,"N-acetyl-D-glucosamine",8.40845811566583e-05
"90","DietCoconutOil",0.235097597086543,0.198692424289813,1.18322375866545,0.241719322248553,"N-acetyl-D-glucosamine",0.41406134471734
"91","DietFishOil",0.339336604078299,0.203897527626201,1.66425070489522,0.101648803102611,"N-acetyl-D-glucosamine",0.240407689990521
"92","DietKetogenic",0.368315287621798,0.194252615847353,1.89606346362526,0.0631155585977038,"N-acetyl-D-glucosamine",0.179236561349547
"93","DietLard",0.134407844288464,0.194252615847352,0.691922956621004,0.491844701680845,"N-acetyl-D-glucosamine",0.64616222287109
"94","DietMilkFat",0.492616297177353,0.194252615847353,2.53595708365884,0.0140311023671134,"N-acetyl-D-glucosamine",0.0651320307411682
"95","DietOliveOil",0.453657215455131,0.194252615847352,2.33539823119614,0.0231307051605682,"N-acetyl-D-glucosamine",0.0878603229356477
"96","DietPalmOil",0.443115510732909,0.194252615847353,2.28113021181201,0.0263652684174052,"N-acetyl-D-glucosamine",0.0971896169112192
"97","SEXM",0.625545550298585,0.1400589637268,4.46630143229375,3.90886959675303e-05,"N-acetylglutamate",0.00075371024019443
"98","DietCoconutOil",0.53129461785764,0.31994366453576,1.66058802454661,0.102385964010724,"N-acetylglutamate",0.241361269392051
"99","DietFishOil",0.931899586405756,0.328325160919852,2.83834350006835,0.00630584984591386,"N-acetylglutamate",0.0388688449518624
"100","DietKetogenic",0.403414344797841,0.312794481128316,1.28971055800806,0.202452227843467,"N-acetylglutamate",0.364984485025926
"101","DietLard",0.576916006075618,0.312794481128316,1.84439317469592,0.0704176783503033,"N-acetylglutamate",0.19326311722419
"102","DietMilkFat",0.559911446297841,0.312794481128316,1.79002981215692,0.0788559579341463,"N-acetylglutamate",0.206963206935942
"103","DietOliveOil",0.655811317520063,0.312794481128316,2.09662048753038,0.0405567179463353,"N-acetylglutamate",0.130895501698044
"104","DietPalmOil",0.756425531297841,0.312794481128316,2.41828285642781,0.0188710563861793,"N-acetylglutamate",0.0772487530031676
"105","SEXM",0.760350515968207,0.0969400577932404,7.84351209682511,1.39940110326945e-10,"N-acetylglutamine",1.23792388292874e-08
"106","DietCoconutOil",0.773961702528178,0.221445000772507,3.49505159217064,0.000934401246352286,"N-acetylglutamine",0.00962561283913587
"107","DietFishOil",1.9894530321152,0.227246148533763,8.75461716271777,4.50580365293081e-12,"N-acetylglutamine",4.84052049571995e-10
"108","DietKetogenic",1.4391995042903,0.216496783005853,6.64767154647003,1.32012186648919e-08,"N-acetylglutamine",6.79221472651277e-07
"109","DietLard",0.678850933845857,0.216496783005852,3.13561672566519,0.00273115290543699,"N-acetylglutamine",0.0211734740710166
"110","DietMilkFat",1.13963772301253,0.216496783005853,5.26399379792039,2.30939937621357e-06,"N-acetylglutamine",6.01040228515e-05
"111","DietOliveOil",0.604653108901413,0.216496783005852,2.79289650638859,0.00713557427249094,"N-acetylglutamine",0.0419214988508843
"112","DietPalmOil",0.988335738623636,0.216496783005853,4.56512898206399,2.77811673963226e-05,"N-acetylglutamine",0.000596898225200988
"113","SEXM",-0.148518325414669,0.137398818076481,-1.08092869715952,0.284361978088127,"N-acetylmethionine",0.454682351864336
"114","DietCoconutOil",-0.419145440796033,0.313866961375069,-1.33542389730902,0.187140512172285,"N-acetylmethionine",0.344925649886172
"115","DietFishOil",0.847558706254706,0.322089267654107,2.63144038430024,0.0109635469685395,"N-acetylmethionine",0.05570667108339
"116","DietKetogenic",0.52913302611843,0.306853562701701,1.72438286673181,0.0901551879058827,"N-acetylmethionine",0.226744820418809
"117","DietLard",0.143546408896207,0.306853562701701,0.46780101763313,0.641742381544855,"N-acetylmethionine",0.770910975913308
"118","DietMilkFat",-0.29383796277046,0.306853562701701,-0.957583676667641,0.342388728949948,"N-acetylmethionine",0.508846490455259
"119","DietOliveOil",0.0428110289517627,0.306853562701701,0.139516154138253,0.88954285272652,"N-acetylmethionine",0.93557514021027
"120","DietPalmOil",-0.157006603937126,0.306853562701701,-0.511666224614624,0.610896447239316,"N-acetylmethionine",0.748198906065091
"121","SEXM",0.0342484128503368,0.0976948885710723,0.350565043384244,0.727229982413138,"N-acetylphenylalanine",0.827347877117518
"122","DietCoconutOil",-0.028460794960033,0.223169298302189,-0.127530064290003,0.898977732834632,"N-acetylphenylalanine",0.942860885762403
"123","DietFishOil",1.76529898911857,0.229015617120453,7.70820353351748,2.33916676623011e-10,"N-acetylphenylalanine",1.75905340820504e-08
"124","DietKetogenic",-0.261196162093348,0.218182550879676,-1.19714505601043,0.236293236643645,"N-acetylphenylalanine",0.406619025070986
"125","DietLard",0.27321551379554,0.218182550879676,1.25223356631399,0.215689489963736,"N-acetylphenylalanine",0.3819802836862
"126","DietMilkFat",0.705063305684429,0.218182550879676,3.23152929893674,0.00206424007789999,"N-acetylphenylalanine",0.0166914896621591
"127","DietOliveOil",0.528363925184429,0.218182550879676,2.4216598580141,0.0187134921188766,"N-acetylphenylalanine",0.0772487530031676
"128","DietPalmOil",0.375023217851096,0.218182550879676,1.71885064290918,0.0911656981007991,"N-acetylphenylalanine",0.227762807215285
"129","SEXM",0.265218256109301,0.0766796383338824,3.45878334681854,0.00104414766754511,"N-acetylserine",0.0101973902077133
"130","DietCoconutOil",0.00476766977656943,0.175163115812235,0.0272184572332003,0.978382260633811,"N-acetylserine",0.980991279995502
"131","DietFishOil",0.362670983311163,0.179751826840274,2.01762056990625,0.0484325703971146,"N-acetylserine",0.148491970440322
"132","DietKetogenic",0.420005528650698,0.1712490728729,2.4526003067031,0.0173239840654444,"N-acetylserine",0.0741183514182623
"133","DietLard",0.187229644984031,0.1712490728729,1.09331771461905,0.278935204786379,"N-acetylserine",0.453043788335545
"134","DietMilkFat",0.326449388484031,0.1712490728729,1.90628412176175,0.0617499625280445,"N-acetylserine",0.178599891619575
"135","DietOliveOil",0.28057132837292,0.1712490728729,1.63838159042857,0.106949305499794,"N-acetylserine",0.248792515719622
"136","DietPalmOil",0.36708636737292,0.1712490728729,2.14358163355061,0.0364238084299449,"N-acetylserine",0.121736461952527
"137","SEXM",-0.024155171419374,0.0727899810932987,-0.331847474838784,0.741243260746509,"N3-N4-dimethylarginine",0.834453491139782
"138","DietCoconutOil",0.256630363141937,0.166277778107125,1.54338340374384,0.128370426380176,"N3-N4-dimethylarginine",0.275027238284595
"139","DietFishOil",0.383143295826269,0.170633721826097,2.2454136950535,0.0287073540714006,"N3-N4-dimethylarginine",0.103291532352599
"140","DietKetogenic",0.459704444840862,0.162562279211421,2.82786663099742,0.00648880842015733,"N3-N4-dimethylarginine",0.0396714140809619
"141","DietLard",0.0707744766741945,0.16256227921142,0.435368383228367,0.664968516859645,"N3-N4-dimethylarginine",0.786445360938265
"142","DietMilkFat",0.395346619507528,0.162562279211421,2.43197020505206,0.0182397177334304,"N3-N4-dimethylarginine",0.076201487419665
"143","DietOliveOil",0.345588622340861,0.162562279211421,2.12588445497498,0.0379359103376787,"N3-N4-dimethylarginine",0.125673147902795
"144","DietPalmOil",0.275549698174195,0.162562279211421,1.69504081457807,0.0956220401929668,"N3-N4-dimethylarginine",0.234227277606225
"145","SEXM",0.0658799351588251,0.0619690069057236,1.063111036442,0.292294598733517,"N6-acetyllysine",0.461776340856312
"146","DietCoconutOil",0.0580852266466182,0.141558887981871,0.410325536423096,0.68313285182919,"N6-acetyllysine",0.795225858476085
"147","DietFishOil",0.338948539452606,0.145267276174141,2.33327524532288,0.0232502716279174,"N6-acetyllysine",0.0878603229356477
"148","DietKetogenic",0.208801908426275,0.138395735948201,1.50873079286508,0.136989240362621,"N6-acetyllysine",0.285362628123798
"149","DietLard",0.0115830204262742,0.138395735948201,0.0836949227294805,0.933597467070535,"N6-acetyllysine",0.96041764054315
"150","DietMilkFat",0.354071270426274,0.138395735948201,2.55839725118986,0.0132473065840735,"N6-acetyllysine",0.0634520672052438
"151","DietOliveOil",0.307357922870719,0.138395735948201,2.22086266433641,0.0304222022387714,"N6-acetyllysine",0.107406084899324
"152","DietPalmOil",0.175557981648497,0.138395735948201,1.26852160903429,0.209859718274657,"N6-acetyllysine",0.373968028773797
"153","SEXM",0.118617223145949,0.24996087827204,0.474543152376245,0.636957987629393,"Niacin",0.768848164843184
"154","DietCoconutOil",0.125722482022908,0.570998080072405,0.220180218481585,0.826531514995009,"Niacin",0.893034050684262
"155","DietFishOil",0.671233409095832,0.585956395782123,1.14553474273437,0.256859650186044,"Niacin",0.434063948179562
"156","DietKetogenic",0.0619633443157369,0.558239052617809,0.110997867356584,0.912014908803032,"Niacin",0.947286203618619
"157","DietLard",-0.187206505962041,0.558239052617808,-0.335351862404026,0.738612749813858,"Niacin",0.832986085009491
"158","DietMilkFat",0.486985089037959,0.558239052617808,0.87235940723654,0.386737417896468,"Niacin",0.546666425297264
"159","DietOliveOil",0.263018134593515,0.558239052617808,0.471156815991494,0.639359093817253,"Niacin",0.769276861680919
"160","DietPalmOil",0.469783450760181,0.558239052617808,0.841545299557917,0.403621928316571,"Niacin",0.562853882688796
"161","SEXM",-0.0192483653737122,0.129894048791281,-0.1481851212802,0.882728971971389,"Riboflavin",0.929708945269586
"162","DietCoconutOil",0.250556099112371,0.296723443225913,0.844409516108265,0.402033627907474,"Riboflavin",0.561950349788886
"163","DietFishOil",0.833062044210678,0.304496644392693,2.73586609097841,0.00831896066786823,"Riboflavin",0.0459989589870361
"164","DietKetogenic",0.258242982494387,0.290093118728041,0.890207198387518,0.377163207618195,"Riboflavin",0.53819114255955
"165","DietLard",0.221357758216609,0.290093118728041,0.763057597461075,0.448631664594859,"Riboflavin",0.6042184631712
"166","DietMilkFat",0.48631159371661,0.290093118728041,1.67639824015447,0.0992349672483821,"Riboflavin",0.239125855082995
"167","DietOliveOil",0.633100048994387,0.290093118728041,2.18240284971362,0.0332903776520793,"Riboflavin",0.113691891328011
"168","DietPalmOil",0.536662712883276,0.290093118728041,1.84996705622098,0.0695971572894404,"Riboflavin",0.192415670153159
"169","SEXM",0.229709191413481,0.117732251956813,1.95111524323636,0.0560530093082689,"S-methylcysteine",0.16465571484304
"170","DietCoconutOil",0.91267767797115,0.26894164516728,3.39359000129366,0.00127286527451032,"S-methylcysteine",0.0120749880719564
"171","DietFishOil",1.6426237379739,0.275987052457254,5.95181449038562,1.82057549159112e-07,"S-methylcysteine",6.44847671354688e-06
"172","DietKetogenic",2.0583583664594,0.26293210861343,7.82847852745767,1.48155783861153e-10,"S-methylcysteine",1.23792388292874e-08
"173","DietLard",0.415267270792735,0.262932108613429,1.57937070897367,0.119883565571528,"S-methylcysteine",0.266723199141388
"174","DietMilkFat",1.5624215254594,0.26293210861343,5.9423002146783,1.88652244279297e-07,"S-methylcysteine",6.44847671354688e-06
"175","DietOliveOil",1.14632796123718,0.26293210861343,4.35978689435205,5.62911101146917e-05,"S-methylcysteine",0.000978086913578021
"176","DietPalmOil",0.915458723626068,0.26293210861343,3.48173043016212,0.000973370651875134,"S-methylcysteine",0.0097058229306083
"177","SEXM",0.118437200522188,0.14580010061657,0.812325917618246,0.420044511800018,"Thiamine",0.578522844090867
"178","DietCoconutOil",0.940101978897779,0.333058429390779,2.8226337961702,0.00658201462539716,"Thiamine",0.0399167338572473
"179","DietFishOil",1.35388967389937,0.341783490490771,3.96124947976657,0.000213005536666365,"Thiamine",0.00302226723722842
"180","DietKetogenic",1.83657284451013,0.325616194831876,5.6402994496585,5.80326597357063e-07,"Thiamine",1.8974156574457e-05
"181","DietLard",0.81359819045457,0.325616194831876,2.49864166269326,0.0154279401937837,"Thiamine",0.0698904278658151
"182","DietMilkFat",1.71621174789902,0.325616194831876,5.2706584473943,2.25408219739427e-06,"Thiamine",6.01040228515e-05
"183","DietOliveOil",2.0192967512879,0.325616194831876,6.20146289815381,7.13317400941845e-08,"Thiamine",2.82323518688562e-06
"184","DietPalmOil",2.06718065995457,0.325616194831876,6.34851918536149,4.09690105542702e-08,"Thiamine",1.81227623157713e-06
"185","SEXM",0.422993968900803,0.129349490673931,3.2701633898745,0.00184167505443294,"acetylcarnitine",0.0157379504651542
"186","DietCoconutOil",0.633680189297418,0.295479482004284,2.14458271349018,0.0363398713500066,"acetylcarnitine",0.121736461952527
"187","DietFishOil",-4.53001851325432,0.303220095382534,-14.9397041364932,3.43970177672142e-21,"acetylcarnitine",6.46663934023627e-19
"188","DietKetogenic",0.446869723937743,0.288876953984076,1.54692064484444,0.127515537608735,"acetylcarnitine",0.273976240805053
"189","DietLard",0.0728454789377427,0.288876953984076,0.252167844935662,0.801834559680265,"acetylcarnitine",0.877650199970821
"190","DietMilkFat",0.267714871548854,0.288876953984076,0.92674361127337,0.358036639782978,"acetylcarnitine",0.51977519906718
"191","DietOliveOil",0.426179666826631,0.288876953984076,1.47529825743775,0.145733000352809,"acetylcarnitine",0.296192476392736
"192","DietPalmOil",0.282124043548854,0.288876953984076,0.976623575047823,0.332955706626035,"acetylcarnitine",0.497778710502541
"193","SEXM",-0.374149213878121,0.279070888607801,-1.34069596346877,0.185432649365206,"adenine",0.344309511907741
"194","DietCoconutOil",-0.542655979149687,0.63749552610281,-0.851231039168378,0.398266408099484,"adenine",0.559048896540778
"195","DietFishOil",0.61276285622509,0.654195861315443,0.936665748684133,0.352952558942204,"adenine",0.51914434711984
"196","DietKetogenic",-0.360897068205418,0.623250604440908,-0.579056106217761,0.564873357268637,"adenine",0.712726115211435
"197","DietLard",-0.949545823483194,0.623250604440907,-1.52353774985103,0.133251913380691,"adenine",0.279903460509162
"198","DietMilkFat",-0.244407332538751,0.623250604440908,-0.39214937105115,0.69643636977912,"adenine",0.805723307805997
"199","DietOliveOil",-0.0828415959831951,0.623250604440907,-0.132918597098689,0.894734237777097,"adenine",0.939720875430694
"200","DietPalmOil",-0.353128132038751,0.623250604440908,-0.566590917878897,0.5732560934247,"adenine",0.717285494601289
"201","SEXM",-1.29714417849891,0.475764584770079,-2.72644122749443,0.00853106415067303,"adenosine",0.046827447016833
"202","DietCoconutOil",-1.5736728964001,1.08681272984848,-1.44797061460579,0.153201118623726,"adenosine",0.300802196357812
"203","DietFishOil",0.128790480457112,1.11528373263776,0.11547777187829,0.90847953036144,"adenosine",0.947286203618619
"204","DietKetogenic",-1.74830775856672,1.06252775597189,-1.64542314188069,0.105484700304514,"adenosine",0.246349362201846
"205","DietLard",-2.21939024217783,1.06252775597189,-2.08878330914542,0.0412848203036477,"adenosine",0.132111424971673
"206","DietMilkFat",-1.14977298234449,1.06252775597189,-1.08211100922516,0.2838409430556,"adenosine",0.454682351864336
"207","DietOliveOil",-0.485543459844494,1.06252775597189,-0.4569701423003,0.649460261235526,"adenosine",0.776461234418307
"208","DietPalmOil",-1.17114248528894,1.06252775597189,-1.10222295719484,0.275079392051551,"adenosine",0.451658739787699
"209","SEXM",0.228098645573693,0.0680811204658999,3.3503949995644,0.00144975051436452,"alanine",0.0131350889976159
"210","DietCoconutOil",0.20513438989263,0.155521093316447,1.31901329599858,0.192533013922691,"alanine",0.352960042756886
"211","DietFishOil",-0.168291357173535,0.15959524644329,-1.05448853223417,0.29618774790748,"alanine",0.463516837335768
"212","DietKetogenic",-0.163768223658831,0.152045953961965,-1.07709688677279,0.286055191200836,"alanine",0.454785420260104
"213","DietLard",0.09225773595228,0.152045953961965,0.606775343560664,0.54645225856644,"alanine",0.697677586488901
"214","DietMilkFat",0.45209184245228,0.152045953961965,2.97338949621358,0.00433755175887878,"alanine",0.0307720653082721
"215","DietOliveOil",0.329518997230058,0.152045953961965,2.16723292296544,0.034485461045903,"alanine",0.116815615795131
"216","DietPalmOil",0.347626715841169,0.152045953961965,2.28632664522023,0.0260390304785212,"alanine",0.0964598567480195
"217","SEXM",0.228806264253665,0.0830032884211279,2.75659276404553,0.00786944989131732,"allantoin",0.0441628829721688
"218","DietCoconutOil",0.278444428449633,0.189608544568239,1.4685225767841,0.147557446891192,"allantoin",0.298071714375424
"219","DietFishOil",0.522209393378468,0.194575679432426,2.68383692608317,0.00955318966577726,"allantoin",0.0505915396384824
"220","DietKetogenic",0.635290422699838,0.185371716616969,3.42711625211159,0.00114988476513057,"allantoin",0.0110860685048486
"221","DietLard",0.144528624810948,0.185371716616968,0.779669236756254,0.438868389235986,"allantoin",0.597878675191054
"222","DietMilkFat",0.625888857755393,0.185371716616969,3.37639888747785,0.00134066327375754,"allantoin",0.0124466516279712
"223","DietOliveOil",0.61566332003317,0.185371716616969,3.32123654713361,0.00158204600159524,"allantoin",0.0140836140022234
"224","DietPalmOil",0.512118530088726,0.185371716616969,2.76265732138043,0.0077422130146769,"allantoin",0.0441071529320987
"225","SEXM",0.353159253562401,0.0942992499841774,3.74509079999744,0.000427629659917287,"alpha-ketoglutarate",0.00510440482948888
"226","DietCoconutOil",-0.19592969475624,0.215412472005448,-0.909555946005225,0.366954944739953,"alpha-ketoglutarate",0.530673304700856
"227","DietFishOil",0.128070827998217,0.221055586888882,0.57936028580266,0.564669557944151,"alpha-ketoglutarate",0.712726115211435
"228","DietKetogenic",0.114563496108338,0.210599051890215,0.543988660348098,0.58860867726926,"alpha-ketoglutarate",0.731625992242121
"229","DietLard",-0.269732333002773,0.210599051890215,-1.28078607468463,0.205547962836349,"alpha-ketoglutarate",0.368028733459368
"230","DietMilkFat",0.00874953327500428,0.210599051890215,0.0415459290840749,0.967008453514952,"alpha-ketoglutarate",0.972344920026758
"231","DietOliveOil",0.0798505363861154,0.210599051890215,0.379159049717571,0.706003669045775,"alpha-ketoglutarate",0.8130394473544
"232","DietPalmOil",-0.134451443780551,0.210599051890215,-0.63842378478817,0.52580026281353,"alpha-ketoglutarate",0.678219206922427
"233","SEXM",0.971137802310124,0.139891637819827,6.94207185965536,4.31399395681254e-09,"anserine",2.70343621293586e-07
"234","DietCoconutOil",0.0589335089439859,0.319561433635116,0.184419966682456,0.854350237632031,"anserine",0.910016117137801
"235","DietFishOil",-0.49284272398029,0.327932916797298,-1.50287665170534,0.138489560171081,"anserine",0.286110300133662
"236","DietKetogenic",0.126051564141773,0.312420791227591,0.403467271324933,0.68814097475974,"anserine",0.798583353424883
"237","DietLard",0.13278431041955,0.31242079122759,0.425017521714234,0.672452615802266,"anserine",0.786445360938265
"238","DietMilkFat",0.0132013198639948,0.31242079122759,0.0422549338413844,0.96644577225086,"anserine",0.972344920026758
"239","DietOliveOil",0.154184560475106,0.31242079122759,0.493515683989119,0.623578269061202,"anserine",0.758787796656996
"240","DietPalmOil",0.104679560141773,0.31242079122759,0.335059519343949,0.738832072741131,"anserine",0.832986085009491
"241","SEXM",-0.348144575119058,0.19665452480182,-1.77033595067239,0.0821143952846734,"arginine",0.211472689226282
"242","DietCoconutOil",-1.42238863456309,0.449227722656593,-3.16629754315145,0.00249847705356769,"arginine",0.0197774183608727
"243","DietFishOil",0.0899531062319743,0.46099604611611,0.195127717449702,0.84599920621214,"arginine",0.903993250744022
"244","DietKetogenic",0.110998361638625,0.43918966990865,0.252734454482303,0.801398840200456,"arginine",0.877650199970821
"245","DietLard",-0.475067051639152,0.439189669908649,-1.08168994898711,0.28402642462053,"arginine",0.454682351864336
"246","DietMilkFat",-1.30847992925026,0.43918966990865,-2.97930488556897,0.00426605876111565,"arginine",0.0305531065557997
"247","DietOliveOil",-0.830264718139152,0.439189669908649,-1.89044682747626,0.0638768596298919,"arginine",0.179236561349547
"248","DietPalmOil",-0.734520926528041,0.43918966990865,-1.67244581750026,0.100015145187724,"arginine",0.239125855082995
"249","SEXM",0.0611313511683343,0.0656434973676986,0.931262861055532,0.355715144598219,"asparagine",0.51914434711984
"250","DietCoconutOil",0.294949999120666,0.149952709501208,1.9669534488691,0.0541507496159131,"asparagine",0.160954006763505
"251","DietFishOil",-0.0129226528762386,0.153880988857177,-0.083978228709153,0.933373231917197,"asparagine",0.96041764054315
"252","DietKetogenic",0.187859712525851,0.146601996417944,1.28142670029054,0.205324571502434,"asparagine",0.368028733459368
"253","DietLard",0.322315332803629,0.146601996417944,2.19857396678793,0.0320566401704325,"asparagine",0.112123690270536
"254","DietMilkFat",0.62095509241474,0.146601996417944,4.23565236208978,8.57098116318967e-05,"asparagine",0.00131538323157523
"255","DietOliveOil",0.460849146581407,0.146601996417944,3.14353936400419,0.00266919573071033,"asparagine",0.0209086998905643
"256","DietPalmOil",0.464940085803629,0.146601996417944,3.17144443570976,0.00246131664841163,"asparagine",0.019690533187293
"257","SEXM",0.586652563065423,0.199754310404963,2.93687060807899,0.00480419132780065,"aspartate",0.0325733069129613
"258","DietCoconutOil",0.664378896855956,0.456308717251694,1.45598554605191,0.150980438051851,"aspartate",0.2998205488727
"259","DietFishOil",0.204195827583845,0.468262540026163,0.436071242368515,0.664461551075168,"aspartate",0.786445360938265
"260","DietKetogenic",0.613408962130426,0.446112438745035,1.37500977075648,0.174604957723731,"aspartate",0.329366754792883
"261","DietLard",0.43153606307487,0.446112438745034,0.967325780668279,0.337540430137141,"aspartate",0.502634462303228
"262","DietMilkFat",0.742414131685981,0.446112438745034,1.66418612709943,0.101661762522587,"aspartate",0.240407689990521
"263","DietOliveOil",0.132489289408203,0.446112438745034,0.296986315335459,0.767575776152288,"aspartate",0.855136272098549
"264","DietPalmOil",0.679854659297092,0.446112438745034,1.52395360508127,0.133148131651126,"aspartate",0.279903460509162
"265","SEXM",-0.106365129510994,0.0569591209669313,-1.86739415400646,0.0670835765399916,"betaine",0.187534756721464
"266","DietCoconutOil",-0.173904351348901,0.130114556083986,-1.33654801263473,0.186775362874397,"betaine",0.344925649886172
"267","DietFishOil",-0.0345347358854005,0.13352313953857,-0.258642329747083,0.7968595217318,"betaine",0.877650199970821
"268","DietKetogenic",0.619462025178267,0.127207129156897,4.86971154277227,9.53325682091162e-06,"betaine",0.000224031535291423
"269","DietLard",-0.0248957570439558,0.127207129156897,-0.195710391461231,0.845545275845529,"betaine",0.903993250744022
"270","DietMilkFat",0.411536064900489,0.127207129156897,3.2351651014221,0.00204226094797358,"betaine",0.0166914896621591
"271","DietOliveOil",0.186670640789378,0.127207129156897,1.46745423803361,0.147846741305895,"betaine",0.298071714375424
"272","DietPalmOil",0.1710009780116,0.127207129156897,1.34427196922813,0.184280972906355,"betaine",0.343018048578166
"273","SEXM",0.571211658426061,0.127355934946591,4.48515931876759,3.66311647197383e-05,"butyryl-carnitine",0.000724911470243242
"274","DietCoconutOil",-0.0187994155801091,0.29092550339492,-0.0646193453675652,0.9487072060076,"butyryl-carnitine",0.965396236695149
"275","DietFishOil",-5.16230272811218,0.298546817160525,-17.2914344798942,4.02607048088916e-24,"butyryl-carnitine",1.61667391228168e-21
"276","DietKetogenic",-1.88881643484116,0.284424734627733,-6.64083043731523,1.35483006512888e-08,"butyryl-carnitine",6.79221472651277e-07
"277","DietLard",-0.351350391007825,0.284424734627733,-1.23530181532097,0.2218757391257,"butyryl-carnitine",0.387868910015038
"278","DietMilkFat",-0.219102659730047,0.284424734627733,-0.770336166496975,0.444338274052874,"butyryl-carnitine",0.602058346104075
"279","DietOliveOil",0.237137151214397,0.284424734627733,0.833743069233313,0.407968048283792,"butyryl-carnitine",0.567083128113516
"280","DietPalmOil",-0.283986225674492,0.284424734627733,-0.998458260130521,0.322352136270424,"butyryl-carnitine",0.488727432409998
"281","SEXM",0.255387803589144,0.108584202428187,2.35197936604126,0.0222155665634059,"carnitine",0.0852352349779655
"282","DietCoconutOil",0.360238525741085,0.248044300137282,1.45231527409301,0.151994206692502,"carnitine",0.300004691208358
"283","DietFishOil",-4.39528819664541,0.254542264107632,-17.2674200571536,4.29966466032362e-24,"carnitine",1.61667391228168e-21
"284","DietKetogenic",-0.649284284170628,0.242501717515977,-2.6774420025617,0.00971594618430295,"carnitine",0.0510936470671036
"285","DietLard",-0.0279502027817396,0.242501717515977,-0.115257751854472,0.908653119331582,"carnitine",0.947286203618619
"286","DietMilkFat",0.0722465321627049,0.242501717515977,0.297921733927286,0.766865435403371,"carnitine",0.855136272098549
"287","DietOliveOil",0.330212384273816,0.242501717515977,1.36169090947597,0.178748733462861,"carnitine",0.335209594922871
"288","DietPalmOil",0.166961876496038,0.242501717515977,0.688497707176191,0.493981899316412,"carnitine",0.64616222287109
"289","SEXM",-0.501471102272732,0.178953635569646,-2.80224037179489,0.00695717724000929,"carnosine",0.0411952542085589
"290","DietCoconutOil",0.588455160614771,0.408792700036191,1.43949527612082,0.155577029407328,"carnosine",0.303880327569639
"291","DietFishOil",-0.414594758377922,0.419501755776263,-0.988302796518074,0.327255477806976,"carnosine",0.491443034109395
"292","DietKetogenic",0.565499937967678,0.399658173204964,1.41495902218835,0.162617366356021,"carnosine",0.31275769693025
"293","DietLard",0.432817069856566,0.399658173204963,1.08296814346543,0.283463626476202,"carnosine",0.454682351864336
"294","DietMilkFat",0.189006278078788,0.399658173204964,0.472919836877343,0.638108524752534,"carnosine",0.769002581112028
"295","DietOliveOil",0.482203414245456,0.399658173204963,1.20653960452889,0.232681866254533,"carnosine",0.402925708471615
"296","DietPalmOil",0.282388459856567,0.399658173204964,0.706574965281004,0.482760312142943,"carnosine",0.639304151918613
"297","SEXM",-0.0836012980236231,0.0933523700508991,-0.895545533316836,0.37432893055182,"choline",0.537204877433146
"298","DietCoconutOil",0.285116592339862,0.213249467027635,1.33700963624408,0.186625569126142,"choline",0.344925649886172
"299","DietFishOil",-0.0930393089564679,0.218835918128003,-0.425155567478857,0.672352581290602,"choline",0.786445360938265
"300","DietKetogenic",-0.168124194154505,0.208484379544086,-0.806411466039611,0.423417132307782,"choline",0.582101797980716
"301","DietLard",0.084346949067717,0.208484379544086,0.40457203197749,0.687333286623339,"choline",0.798583353424883
"302","DietMilkFat",0.23782523440105,0.208484379544086,1.14073406804446,0.258835693575479,"choline",0.436422514728162
"303","DietOliveOil",0.293093714845495,0.208484379544086,1.40583057342921,0.165298774318319,"choline",0.315494107328366
"304","DietPalmOil",0.207350168845495,0.208484379544086,0.994559732959029,0.324228603030536,"choline",0.489598211805147
"305","SEXM",-0.0477085646135101,0.0671326530301395,-0.710661093523164,0.480243663927353,"cis-aconitate",0.63919156685552
"306","DietCoconutOil",0.27292023653635,0.15335446192767,1.77966935624653,0.0805564205431535,"cis-aconitate",0.208891131891212
"307","DietFishOil",-0.156217740668186,0.157371856271128,-0.992666315119563,0.325142586788305,"cis-aconitate",0.489994439408428
"308","DietKetogenic",0.43916308434949,0.149927736237504,2.9291650455777,0.0049084344196833,"cis-aconitate",0.0326649795009013
"309","DietLard",0.238969393405045,0.149927736237503,1.59389716274038,0.116588221267702,"cis-aconitate",0.26171445490541
"310","DietMilkFat",0.354029936516156,0.149927736237504,2.36133717083095,0.021713491102793,"cis-aconitate",0.0838936708099097
"311","DietOliveOil",0.406498333182822,0.149927736237504,2.71129507710888,0.00888234522296041,"cis-aconitate",0.0480541266738578
"312","DietPalmOil",0.354680991405045,0.149927736237504,2.36567962877254,0.021483968414335,"cis-aconitate",0.0838936708099097
"313","SEXM",-0.120197561004903,0.0932863256860719,-1.2884799580315,0.202877014283028,"citrate",0.364984485025926
"314","DietCoconutOil",0.327822583112989,0.213098598596637,1.5383610463507,0.129592093893538,"citrate",0.276071542798698
"315","DietFishOil",0.00173321744299675,0.218681097428687,0.00792577622563819,0.99370437968425,"citrate",0.995027554623909
"316","DietKetogenic",0.732754767800218,0.208336882288088,3.51716297063025,0.000872973596225687,"citrate",0.00924614287833404
"317","DietLard",0.159737100411329,0.208336882288088,0.766725020826818,0.446465354607811,"citrate",0.602768306400492
"318","DietMilkFat",0.477326237133551,0.208336882288088,2.29112690893351,0.0257408537764557,"citrate",0.0958273368311618
"319","DietOliveOil",0.348665720133551,0.208336882288088,1.67356694745684,0.0997933340879001,"citrate",0.239125855082995
"320","DietPalmOil",0.22743853852244,0.208336882288088,1.09168638804884,0.279645612516474,"citrate",0.453218751319802
"321","SEXM",-0.214755378898177,0.0528444129547845,-4.06391833857497,0.000152004767436617,"citrulline",0.0022413251982811
"322","DietCoconutOil",0.284956328164816,0.120715123695861,2.36056858031109,0.0217543428296973,"citrulline",0.0838936708099097
"323","DietFishOil",0.481741251582806,0.123877472211904,3.8888527750933,0.000269567279484021,"citrulline",0.00355639638898218
"324","DietKetogenic",0.36333275785103,0.118017728325941,3.07862863490797,0.00321817869040808,"citrulline",0.0240560467553318
"325","DietLard",0.121410410462141,0.118017728325941,1.02874722454266,0.308021487420455,"citrulline",0.471755923707092
"326","DietMilkFat",0.447444220017697,0.118017728325941,3.7913305599473,0.000368986799914074,"citrulline",0.00448227999561885
"327","DietOliveOil",0.422394660462141,0.118017728325941,3.57907804576253,0.0007207640832005,"citrulline",0.00808977000845934
"328","DietPalmOil",0.223271490962141,0.118017728325941,1.89184704814442,0.0636863430661151,"citrulline",0.179236561349547
"329","SEXM",0.178409138178932,0.061182255332532,2.91602748557175,0.00509102036167591,"creatine",0.0335828711577218
"330","DietCoconutOil",0.199350214569607,0.139761672189977,1.42635825291667,0.159316394604549,"creatine",0.308778166862426
"331","DietFishOil",0.421173663252031,0.143422979100975,2.93658426210426,0.00480802801507806,"creatine",0.0325733069129613
"332","DietKetogenic",0.485733764836492,0.136638679180357,3.55487748967,0.000776972720038791,"creatine",0.00846787660100248
"333","DietLard",0.226438586558714,0.136638679180357,1.65720708014035,0.103070293477939,"creatine",0.241460625219345
"334","DietMilkFat",0.459684958447603,0.136638679180357,3.36423742680386,0.00139067622331869,"creatine",0.0127535185358007
"335","DietOliveOil",0.496235843392047,0.136638679180357,3.6317377068395,0.000611558767155732,"creatine",0.00696806352880471
"336","DietPalmOil",0.388728913503158,0.136638679180357,2.84494050904908,0.00619310418404488,"creatine",0.0386267780941848
"337","SEXM",0.066351657765155,0.0779890596258211,0.850781610696417,0.398513933239535,"creatinine",0.559048896540778
"338","DietCoconutOil",0.179724820298484,0.178154292066981,1.00881555090972,0.317402301234047,"creatinine",0.482195011167683
"339","DietFishOil",0.368620839335282,0.182821362305539,2.01628975239353,0.0485758307557435,"creatinine",0.148491970440322
"340","DietKetogenic",0.41190774663266,0.174173410899485,2.36492897799637,0.021523488686792,"creatinine",0.0838936708099097
"341","DietLard",-0.0427004496451177,0.174173410899485,-0.245160552489611,0.807228317737191,"creatinine",0.879564391926312
"342","DietMilkFat",0.381548481188216,0.174173410899485,2.19062415564914,0.0326580328489531,"creatinine",0.112140825125172
"343","DietOliveOil",0.382160390910438,0.174173410899485,2.19413737686392,0.0323910493625469,"creatinine",0.112140825125172
"344","DietPalmOil",0.359741033410438,0.174173410899485,2.06541877748518,0.0435233298047557,"creatinine",0.137519092492337
"345","SEXM",0.189351940021494,0.0710158168455678,2.6663347467123,0.010004679135378,"cytidine",0.0522466577069741
"346","DietCoconutOil",-0.0449249776771493,0.162224966378383,-0.276930109341885,0.782853422267479,"cytidine",0.867018812290345
"347","DietFishOil",-0.183949634800614,0.166474739447285,-1.10497025201149,0.273897438655722,"cytidine",0.451658739787699
"348","DietKetogenic",-0.391490380023178,0.158600028095613,-2.46841305593695,0.0166503408721309,"cytidine",0.0727674606185849
"349","DietLard",-0.300146894467622,0.158600028095613,-1.89247693125676,0.0636007973355255,"cytidine",0.179236561349547
"350","DietMilkFat",0.0446277492546003,0.158600028095613,0.281385506613506,0.779451885595177,"cytidine",0.867018812290345
"351","DietOliveOil",-0.0406003879120663,0.158600028095613,-0.255992312230803,0.798894801311791,"cytidine",0.877650199970821
"352","DietPalmOil",-0.175187491967622,0.158600028095613,-1.10458676502888,0.274062209769242,"cytidine",0.451658739787699
"353","SEXM",-1.25381291056003,0.436054072719998,-2.87536108248926,0.00569691938482447,"dihydroxyacetone-phosphate",0.0368135613195712
"354","DietCoconutOil",-1.062760071219,0.996100029941058,-1.06692103129631,0.290585640520716,"dihydroxyacetone-phosphate",0.460042950887534
"355","DietFishOil",-1.00361508795543,1.02219465135279,-0.981823849916672,0.330409547476485,"dihydroxyacetone-phosphate",0.494956134865172
"356","DietKetogenic",-1.38334409681956,0.973842043315374,-1.42050151389035,0.161005820010752,"dihydroxyacetone-phosphate",0.311250325573484
"357","DietLard",-0.577950105986222,0.973842043315373,-0.593474177823165,0.555253458131653,"dihydroxyacetone-phosphate",0.704132547242838
"358","DietMilkFat",-1.67227042843067,0.973842043315374,-1.71718857273562,0.0914711106473994,"dihydroxyacetone-phosphate",0.227769123201471
"359","DietOliveOil",-1.55022534743067,0.973842043315374,-1.59186529075397,0.117044711209443,"dihydroxyacetone-phosphate",0.261957210802086
"360","DietPalmOil",-1.40649600098622,0.973842043315374,-1.44427529150201,0.154233529664913,"dihydroxyacetone-phosphate",0.302040662260454
"361","SEXM",0.388074999625297,0.111541040281938,3.4792126614955,0.00098090763660403,"fumarate",0.0097058229306083
"362","DietCoconutOil",-0.536608364887529,0.254798752070913,-2.10600860689532,0.0396992648584774,"fumarate",0.129799335537283
"363","DietFishOil",-0.581879026932152,0.261473660987307,-2.22538294960577,0.0300998390929115,"fumarate",0.106769240555988
"364","DietKetogenic",-0.0449675337833467,0.249105240329757,-0.180516209630195,0.857399024831464,"fumarate",0.911971805761331
"365","DietLard",-0.311457421783346,0.249105240329757,-1.25030457557235,0.216387767088193,"fumarate",0.3819802836862
"366","DietMilkFat",-0.307432382338902,0.249105240329757,-1.23414658773109,0.222302526883619,"fumarate",0.387868910015038
"367","DietOliveOil",-0.206034168005569,0.249105240329757,-0.82709688376217,0.411692704901726,"fumarate",0.569104621481797
"368","DietPalmOil",-0.380845115672235,0.249105240329757,-1.52885228415141,0.131930437241122,"fumarate",0.278684519116078
"369","SEXM",0.128067254673039,0.0845595092389158,1.51452220839167,0.135517694896035,"glucose",0.283869934712586
"370","DietCoconutOil",-0.0202794280673021,0.193163497268311,-0.104985819547123,0.916762198575137,"glucose",0.950145193008803
"371","DietFishOil",0.311478226552199,0.198223760475091,1.5713465722054,0.121735727130573,"glucose",0.268024567360316
"372","DietKetogenic",0.0367784689145321,0.188847233429806,0.194752489864791,0.846291553888021,"glucose",0.903993250744022
"373","DietLard",-0.010021248363246,0.188847233429806,-0.0530653702532044,0.957868674028917,"glucose",0.972088047057686
"374","DietMilkFat",0.466012443970087,0.188847233429806,2.46766889568072,0.0166815057107547,"glucose",0.0727674606185849
"375","DietOliveOil",0.57648048880342,0.188847233429806,3.05262872181656,0.00346638307528685,"glucose",0.0253079618700554
"376","DietPalmOil",0.338753195525643,0.188847233429806,1.79379485403771,0.0782454761854703,"glucose",0.206963206935942
"377","SEXM",0.255382570841968,0.10572865045541,2.41545285730922,0.0190040150340239,"glutamate",0.0772487530031676
"378","DietCoconutOil",-0.0609493052216974,0.241521220584695,-0.252355900960363,0.801689938655086,"glutamate",0.877650199970821
"379","DietFishOil",-0.197258427938343,0.247848300822241,-0.795883721146906,0.429460524781964,"glutamate",0.587189662974612
"380","DietKetogenic",-0.385473353737422,0.236124397036853,-1.63250116707449,0.108185043404676,"glutamate",0.248792515719622
"381","DietLard",0.0402424531514675,0.236124397036852,0.170429035103843,0.86528699837363,"glutamate",0.919061896577641
"382","DietMilkFat",0.229985156540357,0.236124397036853,0.973999973854723,0.334245198739715,"glutamate",0.498715058437035
"383","DietOliveOil",-0.0715605301818656,0.236124397036852,-0.303062839248657,0.762964974696086,"glutamate",0.852525499214646
"384","DietPalmOil",0.138655384540356,0.236124397036852,0.587213292147512,0.559420682954043,"glutamate",0.708222817477172
"385","SEXM",0.0453125474556751,0.051425128054607,0.881136307673535,0.382010273815019,"glutamine",0.543046740848571
"386","DietCoconutOil",0.200148429691935,0.117472980530581,1.70378268081682,0.0939654968034052,"glutamine",0.231678864249707
"387","DietFishOil",0.178228302358409,0.12055039530913,1.47845473174414,0.144889152807676,"glutamine",0.29527545504437
"388","DietKetogenic",0.162339197557526,0.114848031277559,1.41351310729213,0.163039832091654,"glutamine",0.31277029013501
"389","DietLard",-0.0582716412758079,0.114848031277559,-0.507380410683576,0.613880358219958,"glutamine",0.749412385359429
"390","DietMilkFat",0.389399168779748,0.114848031277559,3.39056024250575,0.0012845731991443,"glutamine",0.0120749880719564
"391","DietOliveOil",0.187955211724192,0.114848031277559,1.63655580015953,0.107331749733125,"glutamine",0.248792515719622
"392","DietPalmOil",0.210567388946414,0.114848031277559,1.83344360895073,0.0720532838785779,"glutamine",0.195610359121627
"393","SEXM",0.00844420229407717,0.113476723953547,0.0744135184721573,0.940946534456003,"glyceric-acid",0.962709923688319
"394","DietCoconutOil",0.377835467120591,0.259220530661856,1.45758310947008,0.150540830010951,"glyceric-acid",0.2998205488727
"395","DietFishOil",0.417555269605884,0.266011275975026,1.56969011210294,0.122120924247951,"glyceric-acid",0.268024567360316
"396","DietKetogenic",0.0773994873869296,0.253428213694537,0.305409907833786,0.761186343456051,"glyceric-acid",0.851803765296057
"397","DietLard",0.0635367762202626,0.253428213694537,0.250709166489431,0.802956565930751,"glyceric-acid",0.877650199970821
"398","DietMilkFat",0.650043964109152,0.253428213694537,2.56500235168238,0.0130242936842177,"glyceric-acid",0.0627837746828953
"399","DietOliveOil",0.630860989275818,0.253428213694537,2.48930843207619,0.0157964182200982,"glyceric-acid",0.0711311766557715
"400","DietPalmOil",0.453914086053596,0.253428213694537,1.7910953142759,0.0786827899730518,"glyceric-acid",0.206963206935942
"401","SEXM",-0.145437409550664,0.139377300332846,-1.04347988663395,0.301209849374201,"glycerol-3-phosphate",0.468964403166457
"402","DietCoconutOil",0.914581425167566,0.318386506904157,2.87255083156799,0.00574116478672436,"glycerol-3-phosphate",0.0368135613195712
"403","DietFishOil",-0.201356173255696,0.326727210759734,-0.61628222757292,0.540205464398068,"glycerol-3-phosphate",0.693485938126497
"404","DietKetogenic",0.257732675824474,0.311272118389492,0.827997949697428,0.411186518502184,"glycerol-3-phosphate",0.569104621481797
"405","DietLard",0.310221566602252,0.311272118389491,0.996624973053562,0.323233638890861,"glycerol-3-phosphate",0.489077860052167
"406","DietMilkFat",0.219448602102252,0.311272118389491,0.705005649839985,0.483728806438418,"glycerol-3-phosphate",0.639304151918613
"407","DietOliveOil",0.340413479268918,0.311272118389491,1.09362020932104,0.278803613503302,"glycerol-3-phosphate",0.453043788335545
"408","DietPalmOil",0.163023500546696,0.311272118389491,0.523733064786441,0.602530853442482,"glycerol-3-phosphate",0.742792134079913
"409","SEXM",0.0913718444893525,0.0604121754514484,1.51247399727867,0.13603668695061,"glycine",0.284165523852385
"410","DietCoconutOil",0.202893541813564,0.138002540374467,1.47021599213332,0.147099799130622,"glycine",0.298071714375424
"411","DietFishOil",0.47002580621459,0.141617763682052,3.31897492231166,0.00159277063386326,"glycine",0.0140836140022234
"412","DietKetogenic",0.298690492000473,0.13491885539742,2.21385284599876,0.0309281299926355,"glycine",0.108682026890009
"413","DietLard",-0.144007976888416,0.13491885539742,-1.06736731840945,0.290385912776369,"glycine",0.460042950887534
"414","DietMilkFat",0.351046403000473,0.13491885539742,2.60190765750587,0.01183981103396,"glycine",0.058575907220644
"415","DietOliveOil",0.137712242944918,0.13491885539742,1.02070420431058,0.311784015667211,"glycine",0.474618582554135
"416","DietPalmOil",0.167115864889362,0.13491885539742,1.23863980610495,0.220645938007833,"glycine",0.386773299258486
"417","SEXM",-0.30699278437193,0.10051985284509,-3.05405127129496,0.00345235283749957,"guanidinoacetate",0.0253079618700554
"418","DietCoconutOil",0.259699267912194,0.229622504851502,1.13098351609805,0.262882436329569,"guanidinoacetate",0.439912176097526
"419","DietFishOil",1.28594460686777,0.235637876954311,5.4572916013715,1.13940004380956e-06,"guanidinoacetate",3.57012013726996e-05
"420","DietKetogenic",0.33776567040542,0.224491559677007,1.50458071070195,0.138051502593912,"guanidinoacetate",0.286110300133662
"421","DietLard",0.0544078531831973,0.224491559677007,0.24236035092579,0.809386381932191,"guanidinoacetate",0.879564391926312
"422","DietMilkFat",0.642492539072086,0.224491559677007,2.86198973358504,0.005910301767507,"guanidinoacetate",0.0373491338585316
"423","DietOliveOil",0.325124257183197,0.224491559677007,1.44826940331734,0.153117878508357,"guanidinoacetate",0.300802196357812
"424","DietPalmOil",0.401665471460975,0.224491559677007,1.78922304267867,0.0789872877534779,"guanidinoacetate",0.206963206935942
"425","SEXM",0.177980151266937,0.0816109774169093,2.18083592306126,0.0334121116801733,"histidine",0.113691891328011
"426","DietCoconutOil",0.130631984598307,0.186428019216558,0.700710038905482,0.486385347979021,"histidine",0.641061423118495
"427","DietFishOil",0.082283888992373,0.191311834532058,0.430103496700224,0.668771021912325,"histidine",0.786445360938265
"428","DietKetogenic",-0.0645509897896421,0.18226226052401,-0.354165418579008,0.72454503022947,"histidine",0.825603869818677
"429","DietLard",-0.13364558406742,0.18226226052401,-0.733259774586272,0.466458595467427,"histidine",0.625270701945642
"430","DietMilkFat",0.322875215543691,0.18226226052401,1.77148694751955,0.0819209192368565,"histidine",0.211472689226282
"431","DietOliveOil",0.193446867210358,0.18226226052401,1.06136545576792,0.293079883424305,"histidine",0.462046273239156
"432","DietPalmOil",0.250522487599247,0.18226226052401,1.37451651745669,0.174757094630798,"histidine",0.329366754792883
"433","SEXM",0.426192334047742,0.0809791179547901,5.26299056857697,2.31784130677327e-06,"hydroxyproline",6.01040228515e-05
"434","DietCoconutOil",-0.191385382679774,0.18498463118624,-1.03460153123256,0.305302317901169,"hydroxyproline",0.471026779028741
"435","DietFishOil",0.13383566048435,0.189830634371363,0.705026672473368,0.483715825286631,"hydroxyproline",0.639304151918613
"436","DietKetogenic",0.263233981975656,0.180851125189715,1.45552858296856,0.151106367051534,"hydroxyproline",0.2998205488727
"437","DietLard",-0.0783049822465661,0.180851125189715,-0.432980343165812,0.666692162656684,"hydroxyproline",0.786445360938265
"438","DietMilkFat",0.313721342197878,0.180851125189715,1.73469389183385,0.08829649355371,"hydroxyproline",0.222815312591913
"439","DietOliveOil",0.168241413642322,0.180851125189715,0.930275736276648,0.356221387119465,"hydroxyproline",0.51914434711984
"440","DietPalmOil",0.238068844864545,0.180851125189715,1.3163802249768,0.193409050901299,"hydroxyproline",0.352960042756886
"441","SEXM",0.669045390382776,0.127871651845852,5.23216350711807,2.5925998263193e-06,"hypotaurine",6.49878356464038e-05
"442","DietCoconutOil",-0.690108779775776,0.292103581186032,-2.36254816518756,0.0216492640598106,"hypotaurine",0.0838936708099097
"443","DietFishOil",-0.115268822953794,0.299755756805898,-0.384542482793531,0.702032901504299,"hypotaurine",0.810950448435073
"444","DietKetogenic",-1.00226063537257,0.285576488115131,-3.50960487674498,0.000893525103368569,"hypotaurine",0.0093323733018495
"445","DietLard",-0.940074427761457,0.285576488115131,-3.2918481278559,0.00172687712821218,"hypotaurine",0.0149265701197191
"446","DietMilkFat",-0.267222397872569,0.285576488115131,-0.935729687119191,0.353430182001649,"hypotaurine",0.51914434711984
"447","DietOliveOil",-0.604817337205902,0.285576488115131,-2.1178821169692,0.0386374687821167,"hypotaurine",0.126879373467912
"448","DietPalmOil",-0.481182264261457,0.285576488115131,-1.68495056241278,0.0975638707089181,"hypotaurine",0.237741999316123
"449","SEXM",-2.29776967233623,0.621295860476605,-3.69835020399714,0.00049593324464582,"hypoxanthine",0.00582721562458838
"450","DietCoconutOil",-2.31842611835387,1.41925706911215,-1.6335491073539,0.107963978714733,"hypoxanthine",0.248792515719622
"451","DietFishOil",-2.84862665433325,1.45643704581249,-1.95588725412029,0.055473936636406,"hypoxanthine",0.164237796655816
"452","DietKetogenic",0.105351521814941,1.38754358260159,0.0759266398086115,0.939748067080704,"hypoxanthine",0.962709923688319
"453","DietLard",-1.73174352429617,1.38754358260159,-1.24806423813313,0.217200844606102,"hypoxanthine",0.382517646706764
"454","DietMilkFat",-5.3564117531295,1.38754358260159,-3.8603556820078,0.000295583489900455,"hypoxanthine",0.00378456119234161
"455","DietOliveOil",-5.08332635379617,1.38754358260159,-3.66354355822477,0.000553457978787917,"hypoxanthine",0.00640308307766944
"456","DietPalmOil",-3.57865851735172,1.38754358260159,-2.57913233301247,0.0125586217106029,"hypoxanthine",0.0613252177037233
"457","SEXM",-1.34095769443414,0.512330689869058,-2.61736749515603,0.0113734475100596,"inosine",0.0566412750169855
"458","DietCoconutOil",-1.21585134963158,1.17034250439392,-1.03888506575366,0.303323120446677,"inosine",0.470307188816291
"459","DietFishOil",-2.47200340850189,1.20100171898709,-2.05828465473534,0.0442274945823528,"inosine",0.138981387695529
"460","DietKetogenic",0.227681378830404,1.14419104668158,0.198988953366427,0.842992108340004,"inosine",0.903993250744022
"461","DietLard",-1.02063309944737,1.14419104668157,-0.89201283510079,0.376203025389824,"inosine",0.53819114255955
"462","DietMilkFat",-4.03124645894737,1.14419104668158,-3.52322845965186,0.000856806934506808,"inosine",0.00920455449641599
"463","DietOliveOil",-3.44008335383626,1.14419104668157,-3.00656377605236,0.00395056725539072,"inosine",0.0285656401543637
"464","DietPalmOil",-2.05989386050293,1.14419104668158,-1.80030587241275,0.0771990736854468,"inosine",0.205864196494525
"465","SEXM",0.125785145747475,0.0792664286401962,1.58686530862182,0.1181741686609,"isoleucine",0.26370022205637
"466","DietCoconutOil",0.199742959762751,0.18107224970817,1.1031119350683,0.274696541335252,"isoleucine",0.451658739787699
"467","DietFishOil",-0.420240274264215,0.185815761064741,-2.26159649674602,0.0276242846688199,"isoleucine",0.10133396132172
"468","DietKetogenic",-0.278127524466554,0.177026166392095,-1.5711096847148,0.121790753648154,"isoleucine",0.268024567360316
"469","DietLard",0.30314053447789,0.177026166392095,1.71240523735042,0.0923547845177547,"isoleucine",0.229210554314692
"470","DietMilkFat",0.359451752366779,0.177026166392095,2.03050068638232,0.0470647763908065,"isoleucine",0.145052097729043
"471","DietOliveOil",0.432709991866779,0.177026166392095,2.44432786793999,0.0176860926481474,"isoleucine",0.0750175879719842
"472","DietPalmOil",0.335293847589001,0.177026166392095,1.8940355226716,0.0633895407422889,"isoleucine",0.179236561349547
"473","SEXM",0.148059366799773,0.18104513227892,0.817803632365384,0.416935437280189,"kynurenic-acid",0.575294401531564
"474","DietCoconutOil",-0.189661595317477,0.413570410107179,-0.458595660333448,0.648299453111262,"kynurenic-acid",0.776307625381639
"475","DietFishOil",0.18119894717715,0.424404626505589,0.426948567147072,0.671053830334752,"kynurenic-acid",0.786445360938265
"476","DietKetogenic",-0.710875594335545,0.404329124713895,-1.75816074302974,0.0841843745774871,"kynurenic-acid",0.213873816494156
"477","DietLard",0.619775484108899,0.404329124713895,1.53284897432866,0.13094353400619,"kynurenic-acid",0.277795420184793
"478","DietMilkFat",0.0790400152755659,0.404329124713895,0.195484347884894,0.845721368144465,"kynurenic-acid",0.903993250744022
"479","DietOliveOil",0.646424276442233,0.404329124713895,1.59875763809902,0.115502069591895,"kynurenic-acid",0.260833502501817
"480","DietPalmOil",0.587209201164455,0.404329124713895,1.45230497946436,0.151997057646788,"kynurenic-acid",0.300004691208358
"481","SEXM",-0.22668612159276,0.112784351042519,-2.00990757580633,0.0492679505209923,"kynurenine",0.14978090089942
"482","DietCoconutOil",-0.761300228328224,0.257638908747162,-2.95491170968798,0.00456811963681797,"kynurenine",0.0321049155783842
"483","DietFishOil",-0.501767180825922,0.264388220646177,-1.89784242126816,0.062876043209322,"kynurenine",0.179236561349547
"484","DietKetogenic",-0.897219413895878,0.251881933330256,-3.56206339229374,0.000759860672636525,"kynurenine",0.00840316508562746
"485","DietLard",-0.155154571729211,0.251881933330256,-0.615981343631261,0.540402606040062,"kynurenine",0.693485938126497
"486","DietMilkFat",-0.359565032673655,0.251881933330256,-1.42751418460096,0.158984589536619,"kynurenine",0.308778166862426
"487","DietOliveOil",0.139689531326344,0.251881933330256,0.554583369594793,0.581387941666687,"kynurenine",0.725047648645685
"488","DietPalmOil",0.0635236710485669,0.251881933330256,0.252196218318197,0.801812739205775,"kynurenine",0.877650199970821
"489","SEXM",0.163907665024317,0.105244932509773,1.5573924664648,0.12501132381366,"lactate",0.270865826793218
"490","DietCoconutOil",0.300754788485065,0.240416239596612,1.25097534588218,0.216144765060169,"lactate",0.3819802836862
"491","DietFishOil",-0.256572866343552,0.246714372881357,-1.03995913714738,0.302828224478196,"lactate",0.470307188816291
"492","DietKetogenic",0.0154747779100305,0.235044106994774,0.0658377617200784,0.947741473904159,"lactate",0.965396236695149
"493","DietLard",0.129279893465586,0.235044106994773,0.550023972600431,0.584490144426262,"lactate",0.727709583788988
"494","DietMilkFat",0.243314356854475,0.235044106994774,1.03518594856703,0.30503177205723,"lactate",0.471026779028741
"495","DietOliveOil",0.254332070243364,0.235044106994774,1.0820610373738,0.283862951788057,"lactate",0.454682351864336
"496","DietPalmOil",0.218939621743364,0.235044106994774,0.931483135410974,0.35560224150911,"lactate",0.51914434711984
"497","SEXM",0.287164182570324,0.0979181458629567,2.93269628463176,0.00486040470049458,"leucine",0.0326341458461779
"498","DietCoconutOil",0.256343935367972,0.223679296050274,1.1460333606842,0.256655028280485,"leucine",0.434063948179562
"499","DietFishOil",-0.183734264859152,0.229538975171477,-0.800449094633684,0.426833499714874,"leucine",0.584660822924563
"500","DietKetogenic",-0.103961303892015,0.218681152660775,-0.47540129831528,0.636350132962832,"leucine",0.768848164843184
"501","DietLard",0.381218326830207,0.218681152660775,1.74326100897029,0.0867763930194796,"leucine",0.219716658419693
"502","DietMilkFat",0.384510673941319,0.218681152660775,1.75831647703899,0.084157625981584,"leucine",0.213873816494156
"503","DietOliveOil",0.396446658663541,0.218681152660775,1.81289815715633,0.0752085470650366,"leucine",0.202147358063242
"504","DietPalmOil",0.40617994805243,0.218681152660775,1.85740720272546,0.0685144811095498,"leucine",0.190121364554913
"505","SEXM",-0.0904192500299625,0.115240465003025,-0.784613720775848,0.435986718004173,"lysine",0.595030874662683
"506","DietCoconutOil",0.0210037883154965,0.263249532159846,0.0797866121286891,0.936691418130911,"lysine",0.96097127753676
"507","DietFishOil",-0.476969499070574,0.270145824371517,-1.76560011682662,0.0829144702633899,"lysine",0.212804374191362
"508","DietKetogenic",-0.254274318665335,0.257367186622342,-0.987982664000034,0.327410851181924,"lysine",0.491443034109395
"509","DietLard",0.30240791689022,0.257367186622341,1.17500572182098,0.24496443000579,"lysine",0.418666480373533
"510","DietMilkFat",0.13252778989022,0.257367186622342,0.514936622766486,0.608623951186415,"lysine",0.747328766583549
"511","DietOliveOil",0.311218683334665,0.257367186622342,1.20923994787006,0.231651302513734,"lysine",0.402415667993249
"512","DietPalmOil",0.289049869167998,0.257367186622342,1.12310303796477,0.266185670419712,"lysine",0.442857575565539
"513","SEXM",0.402008034270206,0.0903802312879393,4.44796421232274,4.16320655052708e-05,"malate",0.000782682831499091
"514","DietCoconutOil",-0.34740613122702,0.206460062465247,-1.68267958015124,0.0980053454627637,"malate",0.237741999316123
"515","DietFishOil",-0.450719859636292,0.211868652972962,-2.12735510096348,0.0378081972176896,"malate",0.125673147902795
"516","DietKetogenic",0.0472704641768795,0.201846685122651,0.234189945443771,0.815691619650727,"malate",0.883181365566445
"517","DietLard",-0.188632702712009,0.201846685122651,-0.934534558233582,0.354040603150889,"malate",0.51914434711984
"518","DietMilkFat",-0.105990177600898,0.201846685122651,-0.525102394109142,0.601584892774539,"malate",0.742792134079913
"519","DietOliveOil",-0.0858584367120094,0.201846685122651,-0.425364611065265,0.672201109728344,"malate",0.786445360938265
"520","DietPalmOil",-0.21788445132312,0.201846685122651,-1.07945518743954,0.2850122714348,"malate",0.454682351864336
"521","SEXM",0.118501290712708,0.0757278262556531,1.56483153646395,0.123256394130509,"methionine",0.268024567360316
"522","DietCoconutOil",0.145405077416228,0.172988844090133,0.840545979603555,0.404176990228657,"methionine",0.562853882688796
"523","DietFishOil",0.0607739379224935,0.177520596182594,0.34234865829305,0.733370137057232,"methionine",0.830563769679275
"524","DietKetogenic",-0.235633262676121,0.16912338553937,-1.39326245110714,0.169046309268577,"methionine",0.321829935620177
"525","DietLard",0.153220882323879,0.16912338553937,0.905970997654908,0.368832873538845,"methionine",0.53236529923457
"526","DietMilkFat",0.353936397546101,0.16912338553937,2.09277029558818,0.0409130061153927,"methionine",0.13148111366998
"527","DietOliveOil",0.276165467879434,0.16912338553937,1.63292301060959,0.10809601063001,"methionine",0.248792515719622
"528","DietPalmOil",0.259105639268324,0.16912338553937,1.53205092508041,0.131140125220215,"methionine",0.277795420184793
"529","SEXM",0.541121473292394,0.0799136401437714,6.77132805261868,8.25550646709178e-09,"methionine-sulfoxide",4.77549297173309e-07
"530","DietCoconutOil",-0.17043999882924,0.182550707171182,-0.93365838714289,0.354488548521517,"methionine-sulfoxide",0.51914434711984
"531","DietFishOil",-0.106537983736926,0.187332949364628,-0.568709263897611,0.571827257972408,"methionine-sulfoxide",0.716690163325418
"532","DietKetogenic",-0.440972842090774,0.178471587527981,-2.47082938073623,0.0165495087671864,"methionine-sulfoxide",0.0727674606185849
"533","DietLard",-0.207726454868551,0.178471587527981,-1.16391890578092,0.249391927834487,"methionine-sulfoxide",0.424304818397137
"534","DietMilkFat",-0.0635014704241069,0.178471587527981,-0.355807169665877,0.723321858593261,"methionine-sulfoxide",0.825603869818677
"535","DietOliveOil",-0.0416700047574402,0.178471587527981,-0.233482569044258,0.816238097165797,"methionine-sulfoxide",0.883181365566445
"536","DietPalmOil",-0.0434617269241069,0.178471587527981,-0.2435218262251,0.808491072408855,"methionine-sulfoxide",0.879564391926312
"537","SEXM",-0.0141992346428785,0.137707773029993,-0.103111351889962,0.91824296524109,"methylmalonate",0.950145193008803
"538","DietCoconutOil",-0.894531001423211,0.314572722558592,-2.84363817100065,0.00621521296462282,"methylmalonate",0.0386267780941848
"539","DietFishOil",-0.0623293043530605,0.322813517513805,-0.193081457161703,0.847593753812254,"methylmalonate",0.904100004066404
"540","DietKetogenic",-1.01958108438254,0.307543553558438,-3.31524128074043,0.00161062606940321,"methylmalonate",0.0140836140022234
"541","DietLard",-0.692883356660316,0.307543553558438,-2.25296010481539,0.0281977061681133,"methylmalonate",0.102935315720491
"542","DietMilkFat",-0.238093723660317,0.307543553558438,-0.774178879399192,0.442081329170159,"methylmalonate",0.600081515407869
"543","DietOliveOil",-0.325620067160317,0.307543553558438,-1.05877708504283,0.294246989017988,"methylmalonate",0.462915765149639
"544","DietPalmOil",-0.548179177326984,0.307543553558438,-1.78244405055566,0.0800980376757191,"methylmalonate",0.208891131891212
"545","SEXM",0.229221734260203,0.10205780797449,2.24599899615224,0.0286675362708214,"ornithine",0.103291532352599
"546","DietCoconutOil",0.895408391173979,0.23313573233012,3.84071708881624,0.000314900134417556,"ornithine",0.0039467483513667
"547","DietFishOil",-0.314621247878864,0.239243139708737,-1.31506904758856,0.193846406460896,"ornithine",0.352960042756886
"548","DietKetogenic",-0.0807070589226758,0.227926283623969,-0.354092812989596,0.724599141064264,"ornithine",0.825603869818677
"549","DietLard",0.702202456910656,0.227926283623969,3.08083142385256,0.00319793260444574,"ornithine",0.0240560467553318
"550","DietMilkFat",1.0280721678551,0.227926283623969,4.51054679394152,3.35592582892204e-05,"ornithine",0.000701015617597049
"551","DietOliveOil",0.968864114910657,0.227926283623969,4.25077836353915,8.14517966718018e-05,"ornithine",0.00127607814785823
"552","DietPalmOil",1.00494284279955,0.227926283623969,4.40906957644907,4.75715430465905e-05,"ornithine",0.000872531716366733
"553","SEXM",0.0199816519966817,0.122647191403377,0.16291976822334,0.871168107723246,"orotic-acid",0.924003409037913
"554","DietCoconutOil",-0.260223952912167,0.280169086065475,-0.928810371503133,0.356973752566152,"orotic-acid",0.519234549187131
"555","DietFishOil",-0.211014658528477,0.287508616245575,-0.733942033751915,0.466045957075412,"orotic-acid",0.625270701945642
"556","DietKetogenic",-0.685783809044297,0.273908670863054,-2.50369514365307,0.0152316857979459,"orotic-acid",0.0694195619397292
"557","DietLard",-0.298305650099852,0.273908670863054,-1.08906975876275,0.28078773425015,"orotic-acid",0.454091131518522
"558","DietMilkFat",-0.120990878988741,0.273908670863054,-0.441719784216809,0.660393050024957,"orotic-acid",0.785784135472734
"559","DietOliveOil",0.400352575177925,0.273908670863054,1.46162797225974,0.149432269038684,"orotic-acid",0.29956466012624
"560","DietPalmOil",-0.0563063533220747,0.273908670863054,-0.205566158766205,0.837875268837783,"orotic-acid",0.902413252861903
"561","SEXM",-0.743740175660163,0.100570095463302,-7.39524181849419,7.68981710884222e-10,"pantothenate",5.25703860531759e-08
"562","DietCoconutOil",0.662401141441016,0.22973727656592,2.88329848487147,0.0055736504626493,"pantothenate",0.0364468273731502
"563","DietFishOil",0.546341664804577,0.235755655319012,2.31740640140868,0.0241615923278321,"pantothenate",0.0903956091071133
"564","DietKetogenic",0.851440111807119,0.22460376680232,3.79085410689704,0.000369549680489852,"pantothenate",0.00448227999561885
"565","DietLard",0.542810214196007,0.22460376680232,2.41674581830923,0.0189431653050306,"pantothenate",0.0772487530031676
"566","DietMilkFat",1.19657677525156,0.22460376680232,5.32750092434872,1.83238955120914e-06,"pantothenate",5.29983439426644e-05
"567","DietOliveOil",0.978135618973785,0.22460376680232,4.35493862324522,5.72284896242459e-05,"pantothenate",0.000978086913578021
"568","DietPalmOil",0.987041775473785,0.22460376680232,4.39459137095643,4.99867491725721e-05,"pantothenate",0.000895000842327957
"569","SEXM",0.186792676934331,0.073114728778873,2.55478861857319,0.013370606545291,"phenylalanine",0.0635536458439403
"570","DietCoconutOil",0.0714322790815671,0.167019615414838,0.427687962902717,0.670518545902886,"phenylalanine",0.786445360938265
"571","DietFishOil",0.116696710630447,0.171394992888566,0.680864176156645,0.498763174697084,"phenylalanine",0.650034501511624
"572","DietKetogenic",-0.427596824852638,0.163287540066592,-2.61867393359136,0.0113348148534431,"phenylalanine",0.0566412750169855
"573","DietLard",0.091889301980696,0.163287540066591,0.562745338335197,0.57585439190538,"phenylalanine",0.719339705503065
"574","DietMilkFat",0.322545306202918,0.163287540066591,1.97532099553572,0.0531682821136934,"phenylalanine",0.159293020515926
"575","DietOliveOil",0.19588800242514,0.163287540066591,1.199650642941,0.235326103197341,"phenylalanine",0.405883554138533
"576","DietPalmOil",0.230235099925141,0.163287540066591,1.40999796941792,0.164070425463675,"phenylalanine",0.313946462973749
"577","SEXM",0.0259666456493167,0.127062625849548,0.204361002896817,0.838812318817115,"phosphocholine",0.902413252861903
"578","DietCoconutOil",0.575536453047567,0.290255482820353,1.98286160679963,0.0522960469922832,"phosphocholine",0.157306509352788
"579","DietFishOil",0.151621103781448,0.297859244198943,0.509036085783455,0.612726845649472,"phosphocholine",0.749220468176265
"580","DietKetogenic",0.351753991771141,0.283769685751328,1.2395756468483,0.220302052977909,"phosphocholine",0.386773299258486
"581","DietLard",0.311201589271141,0.283769685751328,1.09666960530749,0.27747948703309,"phosphocholine",0.45280237196155
"582","DietMilkFat",0.293365585937808,0.283769685751328,1.03381580439458,0.305666314050566,"phosphocholine",0.471026779028741
"583","DietOliveOil",0.138214229271141,0.283769685751328,0.487064814217895,0.628113525030633,"phosphocholine",0.761840920682316
"584","DietPalmOil",0.306076824715586,0.283769685751328,1.07861001398086,0.285385731489317,"phosphocholine",0.454682351864336
"585","SEXM",-0.197309850210925,0.174592814822533,-1.1301143773384,0.263245318143466,"phosphoethanolamine",0.439912176097526
"586","DietCoconutOil",0.0120690130085919,0.398831060073351,0.0302609656488947,0.975966519418805,"phosphoethanolamine",0.979875597600723
"587","DietFishOil",-0.0458853147654031,0.409279152842178,-0.112112514030484,0.911135100006426,"phosphoethanolamine",0.947286203618619
"588","DietKetogenic",-0.16834141102396,0.389919127401744,-0.431734170482263,0.667592347224074,"phosphoethanolamine",0.786445360938265
"589","DietLard",-0.259301493135071,0.389919127401744,-0.665013524376057,0.508771425938679,"phosphoethanolamine",0.659648469492908
"590","DietMilkFat",-0.108468632246182,0.389919127401744,-0.278182383534174,0.781896921642493,"phosphoethanolamine",0.867018812290345
"591","DietOliveOil",-0.427864215801737,0.389919127401744,-1.09731527830615,0.277199684353562,"phosphoethanolamine",0.45280237196155
"592","DietPalmOil",-0.104652092635071,0.389919127401744,-0.268394354830521,0.789382034921735,"phosphoethanolamine",0.872963662148742
"593","SEXM",0.837501306787046,0.0809215586772366,10.34954492322,1.29710698968583e-14,"pipecolic-acid",1.9508489124875e-12
"594","DietCoconutOil",0.216597987396295,0.184853145662583,1.17173005966399,0.246266624250092,"pipecolic-acid",0.419937644979748
"595","DietFishOil",1.1799845672918,0.189695704349304,6.22040742218911,6.6420236441263e-08,"pipecolic-acid",2.77488987799055e-06
"596","DietKetogenic",-0.00978381732386854,0.180722577727436,-0.0541372165387347,0.957018517633866,"pipecolic-acid",0.972088047057686
"597","DietLard",-0.0584727428238684,0.180722577727436,-0.323549738827079,0.747484164846941,"pipecolic-acid",0.838967301440148
"598","DietMilkFat",0.264777754842798,0.180722577727436,1.46510612106326,0.148484149649988,"pipecolic-acid",0.298556365071633
"599","DietOliveOil",0.218509081898354,0.180722577727436,1.20908568617202,0.231710085426964,"pipecolic-acid",0.402415667993249
"600","DietPalmOil",0.0291403303427981,0.180722577727436,0.161243441241455,0.87248198552258,"pipecolic-acid",0.924093595933775
"601","SEXM",0.18020437261965,0.0772129083087499,2.3338632952287,0.0232170976307923,"proline",0.0878603229356477
"602","DietCoconutOil",0.0812083911630399,0.176381290967942,0.460413860888454,0.647002086745705,"proline",0.775989743592935
"603","DietFishOil",-0.0883173878462766,0.181001914272405,-0.487936208858878,0.627500046570465,"proline",0.761840920682316
"604","DietKetogenic",-0.151297596260874,0.172440027743989,-0.877392553459204,0.384022152329324,"proline",0.544397938595939
"605","DietLard",0.257889636405792,0.172440027743988,1.49553232958572,0.140390139678458,"proline",0.288451871689073
"606","DietMilkFat",0.445244682183571,0.172440027743989,2.58202627318408,0.0124651360824778,"proline",0.0612665512027668
"607","DietOliveOil",0.290426190072459,0.172440027743988,1.68421563062863,0.0977065611182287,"proline",0.237741999316123
"608","DietPalmOil",0.351558231350237,0.172440027743989,2.03872752718513,0.0462087044089804,"proline",0.143590684775014
"609","SEXM",0.173401947551902,0.107122714140502,1.61872249917481,0.11112603161933,"propionylcarnitine",0.254002357987041
"610","DietCoconutOil",0.104374515269807,0.244705749672564,0.426530702320923,0.67135641878922,"propionylcarnitine",0.786445360938265
"611","DietFishOil",-4.08390122181578,0.251116254343825,-16.2629903527637,7.12349906021278e-23,"propionylcarnitine",1.78562376442667e-20
"612","DietKetogenic",-0.381875724713418,0.239237767401986,-1.59621839335994,0.11606848128309,"propionylcarnitine",0.261327838098454
"613","DietLard",0.0299738667310268,0.239237767401985,0.125289025460025,0.900743442545006,"propionylcarnitine",0.943397031746301
"614","DietMilkFat",0.0606711033976936,0.239237767401986,0.253601695319909,0.800732059879894,"propionylcarnitine",0.877650199970821
"615","DietOliveOil",0.246261577619916,0.239237767401986,1.0293591195663,0.307736510724969,"propionylcarnitine",0.471755923707092
"616","DietPalmOil",-0.0867480037689732,0.239237767401986,-0.362601627289108,0.718267455645274,"propionylcarnitine",0.822757289365389
"617","SEXM",0.175392665273326,0.072992718925794,2.4028789152468,0.0196049878676009,"pseudouridine",0.078839309499657
"618","DietCoconutOil",0.117671235735167,0.16674090223244,0.705713080352241,0.483292085665442,"pseudouridine",0.639304151918613
"619","DietFishOil",0.40778944526362,0.171108978315988,2.38321477503391,0.0205790511275758,"pseudouridine",0.0818806690367036
"620","DietKetogenic",0.225251803243408,0.163015054767037,1.38178528090742,0.172525413549172,"pseudouridine",0.326798768234199
"621","DietLard",-0.0184739567565921,0.163015054767037,-0.113326691102199,0.910176857588869,"pseudouridine",0.947286203618619
"622","DietMilkFat",0.418886968521186,0.163015054767037,2.56962137098204,0.0128703701515466,"pseudouridine",0.0624420538965359
"623","DietOliveOil",0.39667945196563,0.163015054767037,2.43339152038761,0.0181752590754176,"pseudouridine",0.076201487419665
"624","DietPalmOil",0.293784670354519,0.163015054767037,1.80219348927229,0.0768979083929811,"pseudouridine",0.205790843813245
"625","SEXM",0.166039599427992,0.087812722037558,1.89083763235327,0.0638236374446498,"pyruvate",0.179236561349547
"626","DietCoconutOil",0.00829234693219767,0.200594973245404,0.0413387573877686,0.967172872579807,"pyruvate",0.972344920026758
"627","DietFishOil",0.175352051516343,0.205849917253633,0.851844168099844,0.397928877482778,"pyruvate",0.559048896540778
"628","DietKetogenic",0.0867845258587561,0.196112652095449,0.442523850100797,0.659814735504169,"pyruvate",0.785784135472734
"629","DietLard",0.1335261443032,0.196112652095449,0.680864507600524,0.498762966549563,"pyruvate",0.650034501511624
"630","DietMilkFat",0.4867560998032,0.196112652095449,2.48202293223945,0.0160895548860952,"pyruvate",0.0720199123472833
"631","DietOliveOil",0.500644676636534,0.196112652095449,2.55284231428816,0.0134375394803012,"pyruvate",0.0635536458439403
"632","DietPalmOil",0.41566759469209,0.196112652095449,2.11953481965958,0.0384916569716913,"pyruvate",0.126879373467912
"633","SEXM",0.191434700325773,0.1503297211153,1.27343215237489,0.208125338505993,"ribose",0.371758324362249
"634","DietCoconutOil",-0.538096138382576,0.343405667030967,-1.56694018195702,0.122762559076166,"ribose",0.268024567360316
"635","DietFishOil",-0.589105055823594,0.35240179252285,-1.67168575280557,0.100165750466946,"ribose",0.239125855082995
"636","DietKetogenic",-0.642507376670035,0.335732222081456,-1.91374951348622,0.0607684442487771,"ribose",0.176439652799538
"637","DietLard",-0.244962670058923,0.335732222081455,-0.729637055806607,0.468653143855725,"ribose",0.627094598184172
"638","DietMilkFat",-0.441917195170034,0.335732222081456,-1.31627876654275,0.19344286672818,"ribose",0.352960042756886
"639","DietOliveOil",-0.202093398670034,0.335732222081456,-0.601948175891803,0.54963811044462,"ribose",0.700555693312464
"640","DietPalmOil",0.226610011052188,0.335732222081456,0.674972481483198,0.502470653446803,"ribose",0.653733445314872
"641","SEXM",-1.30926061034326,0.496245404538533,-2.63833296665137,0.0107677447686713,"ribose-5-phosphate/ribulose-5-phosphate",0.055083973238373
"642","DietCoconutOil",-0.608575019953175,1.13359808620881,-0.536852547086143,0.593496088555108,"ribose-5-phosphate/ribulose-5-phosphate",0.736483595038682
"643","DietFishOil",-1.86552891764734,1.16329471506488,-1.60365975490853,0.114414902721387,"ribose-5-phosphate/ribulose-5-phosphate",0.259939597723513
"644","DietKetogenic",-0.490769275895857,1.10826768737002,-0.442825574984037,0.659597777414293,"ribose-5-phosphate/ribulose-5-phosphate",0.785784135472734
"645","DietLard",-0.887971046395854,1.10826768737002,-0.80122434003563,0.426388362259412,"ribose-5-phosphate/ribulose-5-phosphate",0.584660822924563
"646","DietMilkFat",-3.43531070867363,1.10826768737002,-3.09971205316454,0.00302922331194693,"ribose-5-phosphate/ribulose-5-phosphate",0.0232446523528989
"647","DietOliveOil",-2.81467533600697,1.10826768737002,-2.53970711957357,0.0138972620578426,"ribose-5-phosphate/ribulose-5-phosphate",0.0649114352018489
"648","DietPalmOil",-1.43666697789586,1.10826768737002,-1.29631766248202,0.200182919198938,"ribose-5-phosphate/ribulose-5-phosphate",0.362741096958075
"649","SEXM",-0.013848373511539,0.135863544151914,-0.101928546012716,0.919177492491278,"sarcosine",0.950145193008803
"650","DietCoconutOil",0.369124682663653,0.31035985870615,1.18934415102032,0.239322790029187,"sarcosine",0.410892096123171
"651","DietFishOil",0.527816327886044,0.318490290159722,1.65724464510785,0.103062669567305,"sarcosine",0.241460625219345
"652","DietKetogenic",0.397196859322735,0.303424826704756,1.3090453528024,0.195865251541026,"sarcosine",0.355774563185632
"653","DietLard",0.542963604656067,0.303424826704756,1.78945015987236,0.0789502980592915,"sarcosine",0.206963206935942
"654","DietMilkFat",0.741184880322735,0.303424826704756,2.44272984637456,0.017756822684858,"sarcosine",0.0750175879719842
"655","DietOliveOil",0.821505556267179,0.303424826704756,2.70744343891984,0.0089737668833867,"sarcosine",0.0482019478307628
"656","DietPalmOil",0.50523352887829,0.303424826704756,1.66510280112939,0.101477931582821,"sarcosine",0.240407689990521
"657","SEXM",0.166909207549773,0.087799789793438,1.90102058265118,0.062450062388296,"serine",0.179236561349547
"658","DietCoconutOil",0.372886945432522,0.200565431476249,1.85917853683913,0.0682588253187034,"serine",0.190113469035796
"659","DietFishOil",0.174845942927149,0.205819601585012,0.849510647094176,0.399214438088295,"serine",0.559048896540778
"660","DietKetogenic",0.349191384386677,0.196083770441025,1.78082756977433,0.0803648169135927,"serine",0.208891131891212
"661","DietLard",0.167375915108899,0.196083770441025,0.853593924333681,0.396966601673612,"serine",0.559048896540778
"662","DietMilkFat",0.49843502472001,0.196083770441025,2.54194941069803,0.0138177877424141,"serine",0.0649114352018489
"663","DietOliveOil",0.214992610108899,0.196083770441025,1.09643245652277,0.277582305151961,"serine",0.45280237196155
"664","DietPalmOil",0.468798769831121,0.196083770441025,2.39080862621478,0.0201978662443641,"serine",0.0807914649774566
"665","SEXM",0.46284957821568,0.0857539765393373,5.39741242207422,1.41916142100208e-06,"succinate",4.26883755437425e-05
"666","DietCoconutOil",0.00850828404093165,0.195892078396545,0.0434335278413265,0.965510453077158,"succinate",0.972344920026758
"667","DietFishOil",0.590943937850981,0.201023821664958,2.93967119397369,0.00476681656549492,"succinate",0.0325733069129613
"668","DietKetogenic",0.201579417434859,0.191514844052635,1.05255244538359,0.297066788434794,"succinate",0.463516837335768
"669","DietLard",0.0533648789348587,0.191514844052635,0.278646175960085,0.781542757808955,"succinate",0.867018812290345
"670","DietMilkFat",0.264955939434859,0.191514844052635,1.38347468962792,0.172009873640154,"succinate",0.326645012569182
"671","DietOliveOil",0.306343652657081,0.191514844052635,1.59958176700333,0.115318717321367,"succinate",0.260833502501817
"672","DietPalmOil",0.0701525190459699,0.191514844052635,0.366303298279529,0.715519080895787,"succinate",0.821481448600965
"673","SEXM",0.296424992541799,0.0691918357175189,4.28410360077708,7.2782446584035e-05,"taurine",0.00118983477893901
"674","DietCoconutOil",0.237753741070821,0.158058355469492,1.50421494874221,0.138145435426722,"taurine",0.286110300133662
"675","DietFishOil",0.355755153627377,0.162198976715315,2.19332551186056,0.0324525750052574,"taurine",0.112140825125172
"676","DietKetogenic",0.111579195920364,0.154526520657354,0.722071495855258,0.473255033515628,"taurine",0.631006711354171
"677","DietLard",0.231913103253697,0.154526520657354,1.50079806538801,0.139025384436041,"taurine",0.286430381084665
"678","DietMilkFat",0.38230686947592,0.154526520657354,2.47405343658545,0.0164158280512348,"taurine",0.0727674606185849
"679","DietOliveOil",0.241766202864809,0.154526520657354,1.56456122765424,0.123319814237592,"taurine",0.268024567360316
"680","DietPalmOil",0.199521346087031,0.154526520657354,1.29117866136032,0.201946329506817,"taurine",0.364984485025926
"681","SEXM",0.0839955578053189,0.075376139895793,1.11435207376555,0.269888038031081,"threonine",0.447039217179235
"682","DietCoconutOil",-0.0139707907180304,0.172185469427442,-0.0811380354247466,0.935621472168492,"threonine",0.96097127753676
"683","DietFishOil",0.0562558302769906,0.176696175684099,0.318376048939316,0.751384059388968,"threonine",0.842087649270498
"684","DietKetogenic",-0.310920262235793,0.16833796238954,-1.84700027149142,0.0700328833358237,"threonine",0.192911092558753
"685","DietLard",0.071065719208652,0.168337962389539,0.422160980208395,0.674523935556698,"threonine",0.787642856426454
"686","DietMilkFat",0.150896986875319,0.16833796238954,0.896393093591915,0.373880183611424,"threonine",0.537204877433146
"687","DietOliveOil",0.15884042598643,0.16833796238954,0.943580543162735,0.349437299847615,"threonine",0.517277262766548
"688","DietPalmOil",0.158168196097541,0.16833796238954,0.93958720809234,0.35146458946225,"threonine",0.51914434711984
"689","SEXM",-0.354651123836322,0.0831906985116599,-4.26311030176787,7.81328700632749e-05,"thymine",0.0012501259210124
"690","DietCoconutOil",-0.344445308203867,0.190036654769402,-1.81252037203997,0.0752676333214197,"thymine",0.202147358063242
"691","DietFishOil",-0.403892385147534,0.195015004745813,-2.07108363622572,0.0429711336619964,"thymine",0.136924968278904
"692","DietKetogenic",-0.130071724507275,0.185790260639189,-0.700099801032513,0.486763394415772,"thymine",0.641061423118495
"693","DietLard",-0.27550423906283,0.185790260639188,-1.48287772521009,0.143713188800196,"thymine",0.293996716911085
"694","DietMilkFat",0.144032881381614,0.185790260639189,0.775244519740091,0.441456640681927,"thymine",0.600081515407869
"695","DietOliveOil",0.0639062160482807,0.185790260639188,0.343969677573083,0.732157336686515,"thymine",0.830440900736439
"696","DietPalmOil",0.0647657849927252,0.185790260639189,0.348596233031303,0.728699666184693,"thymine",0.827767596632763
"697","SEXM",-0.0753163603656404,0.0844996279223506,-0.891321798894204,0.376570314095065,"tryptophan",0.53819114255955
"698","DietCoconutOil",-0.456038814300935,0.193026707395322,-2.36256847798247,0.0216481881874354,"tryptophan",0.0838936708099097
"699","DietFishOil",-0.486104174175268,0.198083387146786,-2.45403807546491,0.0172617341769907,"tryptophan",0.0741183514182623
"700","DietKetogenic",-0.818692820217084,0.188713500144582,-4.33828432830639,6.05655129600277e-05,"tryptophan",0.00101211701657646
"701","DietLard",-0.000736349383749891,0.188713500144581,-0.00390194333307232,0.996900574612203,"tryptophan",0.996900574612203
"702","DietMilkFat",0.129901139671806,0.188713500144581,0.688351069596414,0.494073508179357,"tryptophan",0.64616222287109
"703","DietOliveOil",0.422223732171805,0.188713500144581,2.2373795825329,0.0292588746533751,"tryptophan",0.104774636853991
"704","DietPalmOil",0.100519657505139,0.188713500144581,0.532657480403504,0.596378101348137,"tryptophan",0.738840744998021
"705","SEXM",0.0479985051041005,0.0765311895456408,0.62717573565841,0.533092922284175,"tyrosine",0.686448420475513
"706","DietCoconutOil",-0.0176770919104091,0.174824006853821,-0.101113641247165,0.919821410253202,"tyrosine",0.950145193008803
"707","DietFishOil",0.200469525311311,0.179403834316334,1.11742051709906,0.268585728860222,"tyrosine",0.445864167997543
"708","DietKetogenic",-0.17478358323796,0.170917541348915,-1.02261933946939,0.310885304086341,"tyrosine",0.474259287641181
"709","DietLard",0.358679939150928,0.170917541348915,2.09855545732846,0.0403786821530585,"tyrosine",0.130882624909914
"710","DietMilkFat",0.374558426650928,0.170917541348915,2.19145690778629,0.0325945743445025,"tyrosine",0.112140825125172
"711","DietOliveOil",0.231855885095373,0.170917541348915,1.35653651032843,0.18037238918546,"tyrosine",0.337413026535985
"712","DietPalmOil",0.232862966039817,0.170917541348915,1.36242871388166,0.178517238518241,"tyrosine",0.335209594922871
"713","SEXM",0.0934019210509111,0.104129791680618,0.896975971462511,0.373571773151535,"uric-acid",0.537204877433146
"714","DietCoconutOil",-0.12325651523009,0.237868867876446,-0.518170016658556,0.606380976322666,"uric-acid",0.746315047781743
"715","DietFishOil",-0.480938840958598,0.244100268204024,-1.97025117791604,0.0537617076549089,"uric-acid",0.16043176252576
"716","DietKetogenic",-0.647131333546707,0.232553656631875,-2.78271837527412,0.00733469094867566,"uric-acid",0.0427572681659232
"717","DietLard",-0.0549048231022627,0.232553656631875,-0.236095290426567,0.814220120490649,"uric-acid",0.883181365566445
"718","DietMilkFat",-0.0912102947689291,0.232553656631875,-0.392211827971005,0.696390488697959,"uric-acid",0.805723307805997
"719","DietOliveOil",0.00979397623107087,0.232553656631875,0.0421149096209414,0.966556897101568,"uric-acid",0.972344920026758
"720","DietPalmOil",0.290995640064404,0.232553656631875,1.25130537304361,0.216025279184668,"uric-acid",0.3819802836862
"721","SEXM",0.143722506604943,0.0594740964303404,2.41655637044069,0.018952070206258,"uridine",0.0772487530031676
"722","DietCoconutOil",0.0985220767520057,0.135859639758531,0.72517545996083,0.471363908470988,"uridine",0.629601526057164
"723","DietFishOil",0.384636376482716,0.13941872595276,2.75885734756352,0.00782171467425018,"uridine",0.0441628829721688
"724","DietKetogenic",-0.189775167304664,0.132823838178549,-1.42877340323172,0.158623747839293,"uridine",0.308778166862426
"725","DietLard",-0.050546953582442,0.132823838178549,-0.380556338949444,0.704972246650519,"uridine",0.8130394473544
"726","DietMilkFat",0.361168066973114,0.132823838178549,2.71915095908923,0.00869852236652571,"uridine",0.047400643620488
"727","DietOliveOil",0.0864108574731136,0.132823838178549,0.650567388038851,0.517986178360261,"uridine",0.670439941698651
"728","DietPalmOil",-0.0788635023046642,0.132823838178549,-0.593745094149829,0.555073489226487,"uridine",0.704132547242838
"729","SEXM",0.258556617902684,0.0793265050981115,3.25939756936096,0.00190130788790668,"valine",0.0158864836856202
"730","DietCoconutOil",0.117331836197232,0.181209485352261,0.647492795253769,0.519958749859597,"valine",0.671836735213775
"731","DietFishOil",-0.0606537152829343,0.18595659184192,-0.326171364414418,0.745510523958189,"valine",0.838002861011298
"732","DietKetogenic",-0.304869187273453,0.177160335487607,-1.72086594007821,0.0907965084271632,"valine",0.227596581124089
"733","DietLard",0.187014746170991,0.177160335487607,1.05562424939116,0.295672931511009,"valine",0.463516837335768
"734","DietMilkFat",0.343052113670992,0.177160335487607,1.93639345244404,0.0578721410285925,"valine",0.169337937951368
"735","DietOliveOil",0.395305384115436,0.177160335487607,2.23134248999595,0.0296794448120348,"valine",0.105776978666589
"736","DietPalmOil",0.345915542504325,0.177160335487607,1.95255637528708,0.0558775888012931,"valine",0.16465571484304
"737","SEXM",-2.68996480430324,0.829314545172038,-3.24360017554645,0.00199211537568459,"xanthine",0.0164623160715913
"738","DietCoconutOil",-3.79589934168217,1.89444450804813,-2.00370046499442,0.0499492189534309,"xanthine",0.150850653224819
"739","DietFishOil",-2.75844793617706,1.94407286939452,-1.41890151321137,0.161469762375089,"xanthine",0.31134682386171
"740","DietKetogenic",-1.06258749927542,1.85211289550343,-0.573716376499065,0.56845686306424,"xanthine",0.716046165869864
"741","DietLard",-2.85330147827541,1.85211289550342,-1.5405656346342,0.129054700115549,"xanthine",0.275707768428673
"742","DietMilkFat",-6.04218148377542,1.85211289550343,-3.26231813322215,0.00188495309835485,"xanthine",0.0158864836856202
"743","DietOliveOil",-5.45439044260875,1.85211289550343,-2.94495570753325,0.00469702786186693,"xanthine",0.0325733069129613
"744","DietPalmOil",-4.16454769183097,1.85211289550343,-2.24853879152923,0.0284953202174932,"xanthine",0.103291532352599
"745","SEXM",-0.178951778837361,0.428052442806395,-0.418060407888619,0.677501749615295,"xanthosine",0.78989351272977
"746","DietCoconutOil",-0.331323406816262,0.977821508319188,-0.338838329897023,0.735998804611922,"xanthosine",0.832287370027316
"747","DietFishOil",-2.77983046644751,1.0034372911732,-2.77030811083111,0.00758439695376147,"xanthosine",0.043537912284188
"748","DietKetogenic",-1.4982672429739,0.955971957671386,-1.56727112228633,0.122685198674671,"xanthosine",0.268024567360316
"749","DietLard",0.354796300692773,0.955971957671385,0.371136724090744,0.711936111140213,"xanthosine",0.818617669078655
"750","DietMilkFat",-2.34411339702945,0.955971957671386,-2.45207338794684,0.0173468482042742,"xanthosine",0.0741183514182623
"751","DietOliveOil",-0.983961709640559,0.955971957671386,-1.02927884206703,0.307773887994684,"xanthosine",0.471755923707092
"752","DietPalmOil",-0.0651668560294483,0.955971957671386,-0.0681681669702799,0.945894586277733,"xanthosine",0.965146172158556
